,0,1
0,closeness,{2}
1,capture,{3}
2,according,"{8, 1, 2, 3, 4}"
3,fact,"{8, 2, 3}"
4,autumn,{2}
5,fly,{3}
6,£32750,{3}
7,unclear,"{8, 1, 4}"
8,reinforced,{7}
9,proposals,"{1, 2}"
10,nonexistent,{3}
11,farreaching,{3}
12,notably,"{2, 7}"
13,bernie,{7}
14,commitments,{8}
15,coal,{6}
16,distributed,{3}
17,edt,{10}
18,case,"{1, 2, 3, 5, 7, 8}"
19,suspending,{1}
20,retaliation,{2}
21,outlines,{5}
22,capitol,{7}
23,saturday,"{8, 7}"
24,peterson,{8}
25,2017,"{1, 2, 3, 5, 7, 9}"
26,9,{1}
27,banks,"{9, 2, 3, 6}"
28,wylie,{3}
29,express,{3}
30,weak,{3}
31,sort,{2}
32,migrant,"{8, 1, 2}"
33,phd,{3}
34,perfectly,{3}
35,creating,"{2, 3}"
36,deception,{3}
37,eus,"{4, 5, 7}"
38,memories,{7}
39,laugh,{7}
40,£100000,{3}
41,a,"{8, 3, 7}"
42,spell,{2}
43,analysis,"{1, 7}"
44,elements,"{1, 3}"
45,anticipated,{7}
46,containerimage,{2}
47,budgets,{7}
48,liberal,"{1, 2, 7}"
49,celtic,{7}
50,stake,{3}
51,workingclass,{8}
52,reasons,"{2, 7}"
53,economists,"{8, 10, 6, 7}"
54,estimated,"{1, 2, 10}"
55,weeks,"{8, 7}"
56,moves,{2}
57,23,"{1, 2, 4, 5, 7, 8, 9, 10}"
58,248000,{2}
59,confused,{1}
60,43year,{7}
61,deliberately,{3}
62,specify,{10}
63,graham,{2}
64,great,{5}
65,strategic,"{1, 3}"
66,name,"{8, 1}"
67,anything,"{2, 3, 6}"
68,brexited,{3}
69,socalled,{2}
70,1980s,{1}
71,deepfried,{8}
72,climb,{9}
73,populated,{3}
74,alone,"{9, 2, 7}"
75,parliaments,"{1, 2}"
76,treatment,{2}
77,interwar,{7}
78,mind,{2}
79,products,"{2, 6}"
80,campaigners,"{2, 7}"
81,accepted,"{8, 3}"
82,tamsin,{3}
83,overall,{7}
84,pinterest,"{3, 7}"
85,117000,{2}
86,agreements,"{2, 10, 6}"
87,minority,"{1, 3}"
88,significant,"{10, 1, 2, 3}"
89,design,{2}
90,scotland,"{8, 9, 2, 4, 7}"
91,recent,"{8, 2, 6, 7}"
92,clamoured,{7}
93,entirely,{2}
94,scrapped,{2}
95,voter,{3}
96,nicola,"{8, 2, 7}"
97,repeal,"{1, 2}"
98,uploaded,{3}
99,coastline,{2}
100,le,{7}
101,chelsea,{9}
102,shops,{2}
103,campaigned,"{1, 2, 10, 9}"
104,ambition,{7}
105,prisoners,{2}
106,my,{8}
107,peterborough,{2}
108,creates,{2}
109,pretty,"{2, 6, 7}"
110,arrive,{2}
111,adding,{5}
112,court,"{8, 1, 2, 5}"
113,citizenship,{2}
114,disquieting,{3}
115,anyway,{6}
116,self,{2}
117,dublin,{2}
118,likeliest,{2}
119,onepage,{3}
120,dont,{7}
121,television,{8}
122,fox,"{2, 5}"
123,put,"{1, 2, 3, 4, 5, 8}"
124,tweeted,{5}
125,popular,{7}
126,sterling,"{1, 7}"
127,doubts,{9}
128,buffoon,{7}
129,reagan,{7}
130,culture,"{8, 3}"
131,political,"{1, 2, 3, 4, 5, 6, 7, 8, 9}"
132,guarantee,"{2, 10, 5}"
133,about,{7}
134,2002,{1}
135,billion,"{1, 3}"
136,achieve,{3}
137,shout,{7}
138,bastards,{9}
139,britains,"{3, 4, 5, 6, 7, 8, 9, 10}"
140,inflationbusting,{2}
141,detail,"{2, 3}"
142,trusted,{7}
143,generally,{2}
144,needing,{2}
145,corresponded,{3}
146,relinquished,{1}
147,nothing,"{2, 3}"
148,heard,"{2, 3, 7}"
149,ok,"{8, 2, 7}"
150,theyre,{3}
151,strict,"{2, 3}"
152,could,"{1, 2, 3, 4, 5, 6, 7, 8, 9, 10}"
153,leap,{2}
154,greece,"{9, 2, 10, 7}"
155,craft,{3}
156,inout,{7}
157,dubbed,"{2, 5}"
158,restless,{7}
159,uber,{3}
160,reminders,{2}
161,compromise,{2}
162,research,"{8, 2, 3}"
163,by,{3}
164,moldova,{3}
165,investigations,{3}
166,gravitydefying,{3}
167,larger,{9}
168,researchers,{7}
169,mandate,{5}
170,practices,{1}
171,downturns,{6}
172,feared,"{9, 2}"
173,rugged,{2}
174,,"{9, 3, 5, 7}"
175,broken,{3}
176,errors,{3}
177,expressly,{1}
178,tip,"{3, 7}"
179,consent,"{3, 5}"
180,huge,"{9, 2, 3, 4}"
181,dare,{7}
182,would,{8}
183,yet,"{1, 2, 3, 6}"
184,interesting,{2}
185,reputable,{7}
186,quit,{2}
187,values,"{8, 3}"
188,surrounding,{1}
189,deals,"{2, 5}"
190,complaining,{3}
191,motivated,{3}
192,finalised,{2}
193,summer,{7}
194,new,"{1, 2, 3, 4, 5, 6, 7, 8, 9, 10}"
195,direct,"{8, 7}"
196,help,"{2, 6, 7}"
197,incidentally,{7}
198,look,"{8, 2, 7}"
199,consultants,{3}
200,greatly,{6}
201,centered,{4}
202,common,{7}
203,refusing,{2}
204,nix,{3}
205,usual,{2}
206,plan,"{2, 3, 5}"
207,shock,{3}
208,voted,"{1, 2, 4, 5, 6, 9, 10}"
209,director,"{8, 3}"
210,threequarters,{8}
211,product,"{2, 3}"
212,whoever,{3}
213,discovering,{3}
214,revolt,"{9, 5, 7}"
215,questioners,{7}
216,dependent,{2}
217,crucially,{2}
218,and,{3}
219,september,"{1, 2, 4}"
220,optout,{2}
221,colour,{2}
222,affects,{6}
223,formidable,{7}
224,experts,"{9, 2, 5, 6, 7}"
225,davis,"{1, 2, 5}"
226,referendumor,{4}
227,home,{3}
228,draft,{5}
229,photo,"{8, 10}"
230,months,"{2, 3}"
231,bypass,"{3, 5}"
232,press,"{1, 3, 5}"
233,projections,{8}
234,rules,{3}
235,select,{3}
236,irish,{2}
237,shortened,{4}
238,enters,{2}
239,contracted,{3}
240,overturned,{5}
241,immigration,"{8, 1, 2, 6, 7}"
242,2016image,{2}
243,ways,{3}
244,soared,{6}
245,policy,"{1, 10, 3, 4}"
246,six,{2}
247,commissions,{7}
248,difficult,"{8, 1, 2}"
249,respond,"{8, 2, 6}"
250,sets,"{2, 3}"
251,modelling,{3}
252,reform,"{8, 1}"
253,restrictive,{4}
254,education,{8}
255,£39m,{3}
256,beginning,{2}
257,noneurozone,{1}
258,bunch,{3}
259,bush,{7}
260,70,{8}
261,niklas,{8}
262,enable,{1}
263,views,"{8, 1, 2}"
264,thought,"{2, 3, 6}"
265,key,"{10, 1, 2, 3, 5}"
266,corbyn,"{8, 1, 2, 9, 7}"
267,citizens,"{2, 3, 4, 5, 6, 7, 8, 10}"
268,extent,{2}
269,military,{3}
270,comres,{1}
271,membership,"{1, 2, 4, 7, 8, 9}"
272,generous,{2}
273,windows,"{8, 2}"
274,lord,"{1, 2, 3}"
275,eric,"{2, 3}"
276,listed,"{1, 3}"
277,owned,"{3, 7}"
278,disastrous,"{8, 10}"
279,favored,{4}
280,bbc,"{1, 2, 4}"
281,hate,{7}
282,smash,{3}
283,chris,"{2, 3}"
284,amendments,{5}
285,negotiators,{2}
286,american,"{2, 3, 6, 7}"
287,kevin,{2}
288,depressed,{2}
289,mystery,{3}
290,among,"{8, 1, 2, 6, 9}"
291,spoke,"{1, 5}"
292,challenge,"{1, 9}"
293,,"{8, 10, 6}"
294,23yearold,{3}
295,retained,{3}
296,why,{7}
297,contractor,{3}
298,smugglers,{7}
299,deutschmark,{1}
300,exciting,{8}
301,double,{2}
302,bonesstyle,{7}
303,software,"{3, 7}"
304,extension,{5}
305,complaints,{3}
306,acquisition,{3}
307,lets,{6}
308,financed,{7}
309,visited,{2}
310,republican,{3}
311,individuals,{3}
312,currencyimage,{2}
313,lawregulatory,{3}
314,rtd,{3}
315,easytounderstand,{2}
316,2018,{2}
317,skills,"{2, 3, 7}"
318,billionaire,"{3, 7}"
319,attitudes,"{8, 1}"
320,deal,"{2, 5, 6, 7}"
321,prominent,"{8, 9, 2}"
322,live,"{10, 2, 3, 6}"
323,grown,"{2, 5}"
324,memo,{3}
325,budget,"{1, 2, 3, 7}"
326,invoking,"{1, 5}"
327,kings,{3}
328,consult,{8}
329,legitimacy,{8}
330,measured,{2}
331,mental,{3}
332,entry,"{1, 2, 3, 5, 6, 7}"
333,sell,{6}
334,tidal,{2}
335,party,"{1, 2, 3, 4, 7, 8, 9, 10}"
336,ads,{3}
337,working,"{1, 2, 3}"
338,apply,"{1, 2, 5, 6}"
339,dems,"{2, 3, 7}"
340,resulting,{1}
341,institutions,"{8, 2, 7}"
342,christmas,{7}
343,g7,{2}
344,across,"{1, 2, 3, 4, 6, 7, 8}"
345,domestic,"{1, 2, 7}"
346,privilege,{7}
347,aimed,"{1, 2}"
348,governing,"{3, 7}"
349,ahead,"{2, 7}"
350,speaks,"{8, 9}"
351,stop,"{9, 2}"
352,demons,{7}
353,dealt,{4}
354,relationships,{3}
355,inconsistent,{6}
356,shared,{2}
357,noconfidence,{9}
358,direction,{6}
359,veto,"{5, 7}"
360,allow,"{1, 2, 4}"
361,postwithdrawal,{10}
362,ties,"{9, 2, 4}"
363,friend,"{3, 7}"
364,industries,{6}
365,fiercely,{7}
366,kirkegaard,{6}
367,tougher,{6}
368,discovered,{3}
369,wavered,{7}
370,shockwaves,{9}
371,supervising,{2}
372,dorfman,{2}
373,relationship,"{2, 3, 5, 7, 9, 10}"
374,4,"{8, 1, 5}"
375,guaranteeing,{2}
376,2019,"{1, 2, 5}"
377,any,{5}
378,impact,"{9, 2}"
379,pluspost,{9}
380,microtargeting,{3}
381,familiar,{7}
382,pen,{7}
383,labours,{7}
384,artificial,{3}
385,£350m,"{9, 2}"
386,habitats,{2}
387,60year,{5}
388,brexits,{7}
389,laughed,{3}
390,drag,"{10, 4}"
391,backing,{2}
392,snp,"{2, 7}"
393,pressphoto,{8}
394,taken,"{1, 2, 10, 9}"
395,that,{4}
396,monetary,"{1, 9}"
397,entropy,{8}
398,spreads,{3}
399,339000,{2}
400,newspapers,{7}
401,queue,{2}
402,portuguese,{7}
403,thatcher,"{1, 2, 7}"
404,prosecution,{3}
405,interested,{3}
406,arrangement,"{2, 3}"
407,margin,"{6, 7}"
408,geopolitical,{6}
409,refers,"{10, 3}"
410,wanted,"{2, 3, 5, 6}"
411,unpaid,{3}
412,expat,{2}
413,andor,{2}
414,warning,"{1, 7}"
415,exactly,"{2, 4, 5}"
416,remains,{7}
417,contribute,"{2, 7}"
418,deride,{7}
419,jun,{10}
420,long,"{1, 2, 4, 6, 7, 9}"
421,send,"{9, 2}"
422,corporate,{3}
423,socialist,{2}
424,kind,"{2, 3, 6}"
425,165580,{3}
426,dystopian,"{3, 7}"
427,jose,{2}
428,demagogues,{7}
429,accession,{7}
430,liberalism,{7}
431,george,"{1, 2, 9, 7}"
432,softens,{6}
433,chooses,{8}
434,additional,{4}
435,publicly,{1}
436,islands,{1}
437,department,"{2, 3, 5}"
438,canadian,{3}
439,transform,{3}
440,investigatory,{3}
441,asset,{7}
442,psychologist,{3}
443,consider,{2}
444,italian,{2}
445,ghana,{3}
446,declan,{2}
447,transitional,{7}
448,2012,"{1, 3}"
449,weak,{2}
450,example,"{8, 1, 2, 3, 6}"
451,spend,"{8, 3}"
452,momentum,{8}
453,uppermiddleclass,{7}
454,references,{3}
455,tax,"{2, 6, 7}"
456,sends,{2}
457,exit,"{8, 9}"
458,reduced,"{8, 6}"
459,provides,"{3, 4}"
460,blanket,{2}
461,algorithm,{3}
462,llc,{3}
463,document,"{1, 2, 3}"
464,altright,{3}
465,strength,{4}
466,manchester,{8}
467,tomorrow,{2}
468,cox,"{8, 7}"
469,palantir,{3}
470,20s,{3}
471,post,{5}
472,priceless,{7}
473,sound,{7}
474,challenging,{7}
475,camerons,"{3, 7}"
476,child,"{2, 7}"
477,ip,{3}
478,leaveeu,"{1, 3}"
479,appears,"{1, 3}"
480,suzanne,{2}
481,doubledecker,{8}
482,samantha,{9}
483,favor,{4}
484,away,"{2, 3, 7}"
485,expenditure,{3}
486,donors,{2}
487,maastricht,{1}
488,ratification,"{1, 2}"
489,visa,{2}
490,signatory,{1}
491,unity,"{8, 2, 7}"
492,quitting,"{9, 2, 6}"
493,supermarket,{2}
494,heads,"{3, 7}"
495,unemployment,"{2, 10, 6}"
496,drew,{3}
497,ive,{3}
498,countered,{8}
499,union5,{5}
500,connected,{3}
501,insurgencies,{7}
502,originally,{7}
503,rather,"{8, 2, 7}"
504,safeguards,{1}
505,clause,{2}
506,triggered,"{1, 2, 3, 5, 9}"
507,barack,"{2, 7}"
508,donald,"{1, 2, 3, 5}"
509,within,"{1, 2, 3, 4, 6, 7, 8}"
510,incentive,"{8, 2}"
511,thing,{5}
512,freedom,"{8, 1, 2, 9}"
513,handle,{3}
514,revolving,{3}
515,terrorist,{7}
516,gravitas,{7}
517,asking,"{8, 3, 7}"
518,amounts,{3}
519,persuadable,{3}
520,ordinary,{9}
521,jacob,{6}
522,downside,{2}
523,petition,{1}
524,universities,"{1, 2}"
525,voters,{3}
526,foreign,"{8, 1, 2, 3, 5}"
527,quiz,{3}
528,soft,{5}
529,australia,{2}
530,frustrated,{7}
531,opponents,"{2, 7}"
532,slumped,{5}
533,credits,{2}
534,bailouts,{6}
535,1950,{9}
536,matched,{3}
537,rest,"{8, 2, 7}"
538,stated,"{1, 9}"
539,environmentalists,{1}
540,documents,"{2, 3}"
541,intentions,"{1, 2}"
542,shit,{3}
543,rights,"{2, 4, 5}"
544,priorities,{2}
545,basic,"{8, 2, 7}"
546,cofounder,{3}
547,showed,{2}
548,situation,"{9, 2, 3}"
549,treasure,{3}
550,struggled,{9}
551,£500000,{2}
552,anywhere,"{2, 3}"
553,window,"{10, 5}"
554,easy,"{2, 6}"
555,fco,{1}
556,hammond,"{1, 2}"
557,advertise,{8}
558,proved,{2}
559,timetable,{7}
560,plants,{2}
561,parts,{2}
562,tyranny,{2}
563,ideologically,{3}
564,acquire,{2}
565,responsibility,"{1, 2, 5}"
566,rid,{2}
567,runs,{2}
568,dataset,{3}
569,opens,{5}
570,obtaining,{5}
571,wellheeled,{7}
572,resigned,"{1, 2, 5, 9}"
573,edinburgh,{2}
574,happened,"{2, 3, 6}"
575,25,"{10, 2, 3}"
576,next,"{8, 1, 2, 6, 7}"
577,28,"{1, 2, 4, 5}"
578,flow,"{2, 7}"
579,towns,{2}
580,20,"{8, 3}"
581,john,"{1, 2, 9}"
582,comparison,{7}
583,campaigns,{7}
584,symbolism,{7}
585,trade,"{1, 2, 3, 4, 5, 6, 7, 8, 10}"
586,marine,"{3, 7}"
587,marks,{2}
588,integration,{1}
589,effectively,"{3, 6}"
590,avoid,{2}
591,bombarded,{3}
592,overlap,{3}
593,showers,{2}
594,wall,{3}
595,finally,"{3, 7}"
596,likes,{3}
597,expedited,{5}
598,hell,{3}
599,capitalist,{7}
600,argument,"{8, 4}"
601,quo,{7}
602,comprising,{3}
603,tiny,"{2, 3}"
604,nostalgia,"{8, 7}"
605,designated,{2}
606,margins,{3}
607,programme,{3}
608,tightly,{3}
609,paying,"{2, 3}"
610,concluded,"{1, 3, 5}"
611,safety,{2}
612,enjoyed,{6}
613,doesnt,{2}
614,uks,"{9, 3, 4}"
615,controlled,{3}
616,¬,{9}
617,personality,{3}
618,different,"{1, 2, 3, 6, 9}"
619,blow,{6}
620,helped,"{8, 2, 3, 6, 7}"
621,taking,"{2, 5}"
622,test,"{2, 3}"
623,74000,{2}
624,formula,{2}
625,place,"{1, 2, 3, 4, 6, 8, 9}"
626,128700,{2}
627,nations,"{8, 2, 4, 7}"
628,expert,"{3, 7}"
629,focused,"{8, 2}"
630,shore,{3}
631,led,"{1, 2, 3, 4, 5, 6, 8, 9}"
632,pledged,{2}
633,parliament,"{1, 2, 4, 5, 8, 9}"
634,worked,"{2, 3}"
635,stand,"{9, 2, 3}"
636,stored,{3}
637,initially,"{8, 2, 4}"
638,quest,{5}
639,tightened,{2}
640,impermissable,{3}
641,partners,"{2, 7}"
642,reciprocate,{2}
643,presspopperfotogetty,{7}
644,rendall,{2}
645,yellow,{2}
646,powerful,"{8, 3}"
647,embraced,{7}
648,professionals,{7}
649,rich,{7}
650,constituent,{8}
651,spring,{2}
652,model,"{2, 3}"
653,bradley,{2}
654,forgiving,{6}
655,destabilization,{8}
656,unanimously,{5}
657,hsbc,{2}
658,barbour,{2}
659,withdrawn,{5}
660,harvested,{3}
661,fresh,{9}
662,borrowing,{2}
663,november,{1}
664,g,{8}
665,north,"{3, 7}"
666,businessman,"{9, 2, 3}"
667,straight,{2}
668,preglobalised,{7}
669,context,{3}
670,75,{10}
671,applying,"{2, 3}"
672,risks,{3}
673,wilsons,{7}
674,operations,{3}
675,enquiries,{2}
676,five,"{2, 5, 7}"
677,tfeu,{1}
678,prices,"{2, 7}"
679,yorkshire,{7}
680,commons,"{1, 2, 5, 7}"
681,featuring,{3}
682,versa,{3}
683,destiny,{7}
684,anyone,"{2, 3, 6}"
685,terence,{2}
686,instance,{2}
687,addresses,{3}
688,adopt,{2}
689,gemma,{5}
690,£8bn,{7}
691,probrexit,"{8, 3}"
692,67,"{8, 9}"
693,original,{1}
694,break,"{4, 6}"
695,eton,{7}
696,bits,{2}
697,barrow,{1}
698,conversations,{3}
699,excommanding,{3}
700,pressures,{2}
701,keyboard,{2}
702,she,{3}
703,sidekick,{7}
704,performance,{6}
705,desperate,{7}
706,restrict,{7}
707,thames,{8}
708,frances,{2}
709,checks,{2}
710,steve,{3}
711,subscriptions,{3}
712,light,"{3, 5}"
713,queen,{5}
714,frequent,{7}
715,colleagues,{6}
716,chunk,{6}
717,beneficiary,{2}
718,small,"{8, 2, 3, 7}"
719,alex,"{2, 3}"
720,argue,"{8, 2}"
721,flag,{2}
722,schmidts,{3}
723,author,{1}
724,hoey,{5}
725,w,{7}
726,pr,{7}
727,opinion,"{8, 1, 2, 9, 7}"
728,requirements,{2}
729,wont,{2}
730,western,"{6, 7}"
731,cymru,{2}
732,scotlands,{8}
733,unfinished,{8}
734,hoped,{5}
735,rises,{2}
736,begins,{5}
737,tactics,{3}
738,wed,{3}
739,bizarre,{9}
740,east,"{2, 7}"
741,palpable,{2}
742,leaving,"{1, 2, 4, 5, 6, 8, 9}"
743,veteran,{2}
744,hungary,{2}
745,classically,{8}
746,notifies,"{1, 2}"
747,browsing,{3}
748,cause,"{8, 10, 3}"
749,media,"{2, 3, 5}"
750,tough,{2}
751,journeys,{2}
752,lives,"{2, 7}"
753,recruit,{2}
754,putin,{8}
755,bit,"{2, 7}"
756,goes,"{3, 5}"
757,ec,{1}
758,26,"{1, 2}"
759,allowed,"{8, 9, 3}"
760,journalist,{3}
761,anybody,{3}
762,beauchamp,{6}
763,job,"{2, 3, 5, 6, 7, 8}"
764,month,"{9, 3, 7}"
765,sovereignty,"{1, 3, 5}"
766,consulted,"{2, 3}"
767,belt,{7}
768,worries,{7}
769,thomas,{3}
770,method,{3}
771,appealed,{5}
772,joe,{2}
773,father,{3}
774,believes,"{3, 4, 6}"
775,years,"{1, 2, 3, 4, 5, 6, 7, 8, 9, 10}"
776,debates,{7}
777,royal,"{9, 3, 5}"
778,paul,{3}
779,numbers,"{2, 3}"
780,err,{8}
781,dutyfree,{2}
782,demands,"{2, 7}"
783,watch,{7}
784,alexander,{3}
785,multiple,{3}
786,billionaires,{3}
787,did,{3}
788,moving,"{10, 2, 3, 6, 7}"
789,canadianstyle,{7}
790,farage,"{1, 2, 3, 7, 9, 10}"
791,isolationists,{7}
792,nationalism,"{3, 7}"
793,bombing,{8}
794,spawned,{8}
795,regards,{1}
796,cambridge,"{8, 2, 3}"
797,hired,{3}
798,round,{8}
799,shipping,{2}
800,18,"{1, 2, 7}"
801,harm,{2}
802,weathering,{6}
803,critic,{7}
804,polling,"{9, 2}"
805,keen,"{2, 7}"
806,owner,{3}
807,courts,"{2, 7}"
808,credit,"{8, 2}"
809,sign,"{8, 2}"
810,divisions,{1}
811,monumental,{4}
812,whichever,"{2, 3}"
813,celebrated,{1}
814,spot,{3}
815,weights,{5}
816,setting,"{2, 5}"
817,enabling,{1}
818,62,"{1, 2}"
819,lost,"{1, 2, 3, 5, 7, 8, 9}"
820,google,"{9, 3}"
821,vessel,{8}
822,datasets,{3}
823,reelected,"{1, 3}"
824,computer,{3}
825,bears,{3}
826,technology,"{3, 6}"
827,awarded,{3}
828,chief,"{3, 5}"
829,mendacious,{7}
830,grant,{8}
831,conducted,"{2, 6}"
832,informally,{1}
833,embrace,{3}
834,100000,{2}
835,theres,{2}
836,ordered,{5}
837,crimes,{10}
838,hq,{7}
839,1140am,{10}
840,mixed,"{2, 7}"
841,couple,{3}
842,your,{7}
843,introduced,"{1, 2, 3}"
844,passport,"{2, 4}"
845,curtice,{1}
846,outer,{1}
847,threaten,{2}
848,smartest,{3}
849,bail,{6}
850,communications,{3}
851,tactic,{3}
852,porritt,{9}
853,looks,"{2, 3}"
854,various,{3}
855,campaigning,"{8, 9, 2, 3, 7}"
856,let,"{3, 5, 7}"
857,taught,{3}
858,ally,{5}
859,holds,"{2, 3}"
860,eea,{2}
861,£7m,{3}
862,switzerlands,{7}
863,aggregate,{3}
864,admirable,{8}
865,slump,{2}
866,withdraw,"{1, 5}"
867,techniques,{3}
868,hinted,{5}
869,backed,"{1, 2, 5}"
870,prosperity,"{2, 6}"
871,suppose,{2}
872,controversial,"{9, 2}"
873,playing,"{8, 2, 7}"
874,like,"{2, 3, 4, 5, 6, 7, 8}"
875,farages,{3}
876,stands,{2}
877,review,{2}
878,peaky,{2}
879,shareholder,{3}
880,carried,{3}
881,institute,"{8, 3}"
882,rolls,{7}
883,tories,{3}
884,address,{3}
885,valid,{2}
886,tower,{2}
887,decide,"{2, 4, 5, 6, 8, 9}"
888,room,{3}
889,lodged,{3}
890,extricating,{4}
891,parties,{3}
892,forces,"{3, 6}"
893,contemptuous,{7}
894,highest,"{2, 5}"
895,safely,{6}
896,becoming,"{1, 2}"
897,bureaucracy,{7}
898,bullshit,{3}
899,200910,{2}
900,letting,{1}
901,forms,{3}
902,250000,{2}
903,blog,{3}
904,pacs,{3}
905,election,"{1, 2, 3, 7, 8, 10}"
906,divides,"{8, 1}"
907,truth,"{2, 3, 7}"
908,turns,{6}
909,sailed,{8}
910,carole,{3}
911,there,{8}
912,scls,{3}
913,sided,{9}
914,writes,"{3, 6}"
915,group,{3}
916,liars,{7}
917,manage,{8}
918,quids,{2}
919,netherlands,"{1, 2}"
920,failed,"{1, 6}"
921,crown,{3}
922,disinformation,{3}
923,antimigrant,{8}
924,local,{7}
925,june,"{1, 2, 3, 4, 5, 7, 8, 9, 10}"
926,october,{1}
927,internet,{3}
928,fatally,{8}
929,incorporate,"{1, 2}"
930,to,"{8, 3}"
931,registered,"{2, 3}"
932,expire,{2}
933,strategist,{3}
934,on,"{3, 5}"
935,produces,{6}
936,measure,{8}
937,reintroduction,{2}
938,levelled,{3}
939,sociology,{3}
940,powers,"{1, 2, 3, 5}"
941,seekers,{2}
942,abide,{2}
943,policies,"{8, 6}"
944,things,"{8, 2, 3, 4, 6}"
945,prompted,{9}
946,weeks,{3}
947,ages,{3}
948,1221,{9}
949,agency,"{8, 2}"
950,prescriptions,{2}
951,created,"{8, 2, 3}"
952,gchq,{3}
953,strategy,"{2, 3, 7}"
954,running,"{9, 2}"
955,andy,{3}
956,communication,"{3, 5}"
957,near,"{8, 9, 3}"
958,car,"{2, 6}"
959,militaryfunded,{3}
960,becomes,{4}
961,path,"{9, 2, 7}"
962,audit,{2}
963,reports,"{10, 4}"
964,is,{7}
965,guaranteed,{2}
966,silicon,{3}
967,prime,"{1, 2, 4, 5, 6, 7, 8, 9, 10}"
968,remember,{2}
969,plenty,{2}
970,election,{3}
971,beaches,{7}
972,observer,{3}
973,ago,"{2, 6, 7}"
974,fashion,{3}
975,four,"{1, 2}"
976,get,"{1, 2, 3, 5, 6, 7, 8}"
977,spread,{1}
978,voting,"{9, 2, 4, 5}"
979,obtained,"{3, 5}"
980,untangling,{6}
981,direct,{3}
982,pushing,{2}
983,proud,{2}
984,episode,{1}
985,£6000,{2}
986,washingtons,{7}
987,heath,{1}
988,urgency,{8}
989,wto,{2}
990,wormhole,{3}
991,lopped,{8}
992,merkel,{7}
993,relation,{3}
994,behavioural,{3}
995,decently,{7}
996,boost,{2}
997,clear,"{1, 2, 3, 6, 9, 10}"
998,scenario,{6}
999,glory,{8}
1000,buy,{2}
1001,effects,"{1, 6}"
1002,jeremy,"{1, 2, 5, 7, 8, 9}"
1003,really,"{2, 3}"
1004,issue,"{1, 2, 5, 6, 8, 9}"
1005,voice,"{2, 3}"
1006,staff,"{2, 3}"
1007,helpless,{3}
1008,databases,{3}
1009,reemergence,{7}
1010,londonbased,{8}
1011,cheering,{8}
1012,junior,{7}
1013,move,"{2, 5, 6, 7}"
1014,wins,{2}
1015,fewer,{2}
1016,disarray,{5}
1017,full,"{8, 1, 2, 5, 9}"
1018,side,"{8, 9, 2, 3, 7}"
1019,university,"{8, 1, 3, 7}"
1020,consultancy,{3}
1021,theme,{8}
1022,fragile,{7}
1023,shadow,{9}
1024,follow,"{1, 2, 3}"
1025,fought,{6}
1026,electorate,{1}
1027,stoking,{7}
1028,peace,"{8, 2, 6}"
1029,discussions,"{2, 3, 5}"
1030,soon,"{1, 2, 7}"
1031,uncover,{3}
1032,lse,{3}
1033,economy,"{1, 2, 6, 7, 8, 10}"
1034,quiet,{3}
1035,points,"{8, 1, 2, 7}"
1036,trinidad,{3}
1037,authorising,{1}
1038,shown,{3}
1039,rex,{3}
1040,semidetached,{7}
1041,represent,{3}
1042,letters,{3}
1043,candidate,"{9, 10, 7}"
1044,barz,{2}
1045,pull,{2}
1046,connolly,{2}
1047,evercloser,{1}
1048,depended,{3}
1049,15,{2}
1050,choice,"{8, 2, 7}"
1051,associates,{3}
1052,restored,{7}
1053,late,"{1, 2, 3}"
1054,astrophysicists,{3}
1055,farmers,{2}
1056,the,{7}
1057,december,"{1, 2, 3, 5}"
1058,office,{3}
1059,6,"{8, 7}"
1060,thursday,"{8, 2, 6}"
1061,it,"{8, 3}"
1062,joining,{2}
1063,londons,"{10, 7}"
1064,provided,"{9, 5}"
1065,theyd,"{3, 6}"
1066,kate,{5}
1067,in,"{8, 3}"
1068,investments,{2}
1069,financially,{8}
1070,fair,{3}
1071,total,"{1, 2}"
1072,84000,{2}
1073,missing,{3}
1074,outweigh,"{8, 2}"
1075,excambridge,{3}
1076,force,"{8, 1, 2, 5}"
1077,towards,"{2, 7}"
1078,intellectual,{3}
1079,enthusiasm,{8}
1080,fees,"{2, 4}"
1081,database,{3}
1082,bank,"{2, 6}"
1083,director,{3}
1084,applications,{1}
1085,line,"{2, 3, 6}"
1086,doom,{2}
1087,critics,{2}
1088,look,{3}
1089,rm,{3}
1090,gamblers,{7}
1091,lot,{8}
1092,latest,"{2, 3}"
1093,unreasonable,{3}
1094,always,"{8, 3, 6}"
1095,region,"{1, 4, 6}"
1096,harold,"{1, 7}"
1097,disorder,{7}
1098,limits,"{1, 2}"
1099,movements,{1}
1100,more,{5}
1101,whats,{2}
1102,hedge,"{2, 3, 7}"
1103,rightleaning,{3}
1104,tariff,"{2, 6}"
1105,dreadful,{7}
1106,sacrifices,{8}
1107,beleave,{3}
1108,assistant,{2}
1109,official,"{1, 2, 3, 4, 7, 9}"
1110,million,"{1, 2, 3, 4, 5, 6, 7, 10}"
1111,buttonimage,{2}
1112,interest,"{8, 2, 7}"
1113,previous,{3}
1114,reduction,"{1, 2}"
1115,else,"{8, 2, 3, 6, 7}"
1116,its,"{3, 7}"
1117,swirling,{3}
1118,rome,{1}
1119,framed,{8}
1120,sometimes,{2}
1121,financial,"{2, 3, 6, 7, 8, 10}"
1122,guardian,{7}
1123,ukresident,{7}
1124,charges,{2}
1125,woke,{3}
1126,populist,"{8, 1, 7}"
1127,english,"{2, 3, 6, 7}"
1128,robs,{2}
1129,coates,{2}
1130,days,"{2, 3, 7}"
1131,brake,{2}
1132,wrapped,{3}
1133,sources,{3}
1134,rise,"{1, 2, 7}"
1135,534,{2}
1136,told,"{2, 3, 5, 6}"
1137,rising,"{8, 2, 7}"
1138,reimpose,{2}
1139,£23m,{2}
1140,suggesting,{3}
1141,peer,{2}
1142,institution,"{8, 2}"
1143,isnt,{3}
1144,origin,{2}
1145,figure,"{10, 6, 7}"
1146,slaughtered,{7}
1147,removal,{9}
1148,mary,{10}
1149,known,"{1, 2, 3}"
1150,gives,"{2, 5, 7}"
1151,enter,{2}
1152,officially,"{2, 4, 5}"
1153,thinks,{5}
1154,assumed,{7}
1155,following,"{1, 2, 5, 9}"
1156,secretive,{3}
1157,minds,{3}
1158,groups,"{1, 2, 3}"
1159,credit,{8}
1160,resistance,{9}
1161,frighten,{7}
1162,718,"{2, 3, 5}"
1163,someone,{3}
1164,19,"{2, 4, 5}"
1165,another,"{1, 2, 3, 6, 8, 9}"
1166,1250,{5}
1167,extended,{2}
1168,thinktank,{2}
1169,actthe,{1}
1170,canada,{3}
1171,enemy,{8}
1172,bob,{8}
1173,remainers,{2}
1174,reads,{2}
1175,responding,{5}
1176,sector,{2}
1177,age,{2}
1178,insist,{7}
1179,rewriting,{3}
1180,leaders,"{1, 2, 4, 5, 8, 9}"
1181,despite,"{1, 5, 7}"
1182,worried,"{10, 2, 3, 7}"
1183,dozens,"{9, 3, 6}"
1184,reviewing,{3}
1185,scale,"{2, 3}"
1186,discussing,{2}
1187,cps,{3}
1188,complex,"{10, 2, 3, 4}"
1189,absolutely,"{9, 3}"
1190,publics,{5}
1191,protest,{9}
1192,event,{2}
1193,might,"{10, 2, 3, 6}"
1194,probably,"{8, 2, 7}"
1195,seventyseven,{6}
1196,independent,"{8, 2}"
1197,ranks,{9}
1198,enthusiast,{2}
1199,bolton,{2}
1200,defined,"{1, 5}"
1201,cars,"{2, 6}"
1202,relevant,"{1, 2}"
1203,im,{8}
1204,ending,{5}
1205,call,"{2, 3}"
1206,hadnt,{3}
1207,entrepreneurs,{7}
1208,market,"{1, 2, 4, 5, 6, 7, 8}"
1209,contest,"{1, 2, 9}"
1210,exit,"{1, 2, 4, 5, 6, 7, 8, 9, 10}"
1211,strasbourg,{2}
1212,dismissed,{2}
1213,90,"{2, 3}"
1214,ronald,{7}
1215,dark,{3}
1216,slew,{7}
1217,wife,"{9, 2, 7}"
1218,respect,"{2, 3, 5}"
1219,executives,{3}
1220,weakest,{8}
1221,struggling,{7}
1222,referendum,{3}
1223,works,"{2, 3}"
1224,elites,{7}
1225,travellers,{2}
1226,regaining,{4}
1227,blair,{1}
1228,matters,"{8, 9, 2, 6}"
1229,lengthy,{7}
1230,1994,"{1, 2}"
1231,central,"{10, 2, 3, 5, 6}"
1232,risk,"{2, 3}"
1233,flagwaving,{8}
1234,fulleragence,{8}
1235,procedure,"{1, 5}"
1236,albeit,{1}
1237,involved,"{2, 3, 5}"
1238,arguments,"{8, 4}"
1239,buses,{8}
1240,joke,{3}
1241,piously,{7}
1242,cares,{3}
1243,bureaucrats,{8}
1244,1982,{2}
1245,qualified,{5}
1246,brexit,{8}
1247,periods,{6}
1248,appointed,"{1, 2}"
1249,someone,{3}
1250,uks,"{1, 2}"
1251,rights,{3}
1252,members,{8}
1253,alarming,{3}
1254,instead,{9}
1255,protection,"{1, 2, 7}"
1256,anxious,{7}
1257,voter,"{1, 3, 7}"
1258,returned,"{1, 9}"
1259,handbrake,{2}
1260,friends,{3}
1261,smaller,"{10, 2, 3}"
1262,beginnings,{3}
1263,foreigners,"{8, 6}"
1264,noone,{2}
1265,seems,"{2, 3, 7}"
1266,digital,{3}
1267,brits,"{2, 10, 5, 6, 7}"
1268,imperial,{7}
1269,access,"{8, 2}"
1270,propaganda,{3}
1271,gauge,{1}
1272,allowance,{2}
1273,standard,{3}
1274,strongly,{4}
1275,hasnt,"{8, 6}"
1276,eu27,{5}
1277,designation,{1}
1278,selection,{2}
1279,shot,"{8, 2, 3}"
1280,universal,{2}
1281,dollar,"{2, 10}"
1282,hole,{3}
1283,ernstreuters,{3}
1284,doctors,{2}
1285,illintentioned,{3}
1286,extra,{3}
1287,widely,"{9, 5}"
1288,mortgage,{2}
1289,youth,{3}
1290,polls,"{1, 2, 3, 9, 7}"
1291,keeps,"{8, 2}"
1292,visitor,{7}
1293,experience,"{3, 7}"
1294,undermines,{8}
1295,number,"{1, 2, 3, 5, 6, 8}"
1296,imposed,"{2, 7}"
1297,promised,"{1, 2, 10, 4, 7}"
1298,joys,{2}
1299,responded,{3}
1300,itll,"{2, 6}"
1301,tamper,{5}
1302,directions,{3}
1303,ste,{2}
1304,nightmare,{7}
1305,tight,{3}
1306,10image,{2}
1307,copy,{2}
1308,random,{3}
1309,bats,{2}
1310,happens,"{2, 5, 6}"
1311,man,"{8, 2, 3}"
1312,2383b,{5}
1313,conclude,{5}
1314,perfect,{7}
1315,reputational,{3}
1316,world,"{2, 3, 5, 6, 7, 8, 10}"
1317,block,"{2, 7}"
1318,italians,{7}
1319,present,{5}
1320,necessity,{8}
1321,2000,{1}
1322,bought,"{2, 3}"
1323,grassroots,{9}
1324,justice,"{9, 2, 7}"
1325,an,{3}
1326,sever,"{1, 2, 4, 7}"
1327,campaigns,{3}
1328,jo,"{8, 7}"
1329,alignment,{3}
1330,supplied,{3}
1331,holding,"{2, 3}"
1332,within,{5}
1333,links,"{9, 2, 3, 7}"
1334,still,"{2, 3, 4, 5, 6, 7, 9, 10}"
1335,tired,{8}
1336,defending,{8}
1337,backlash,{4}
1338,ultimately,{2}
1339,obama,"{2, 7}"
1340,telling,"{8, 3}"
1341,shifts,{8}
1342,matt,"{6, 7}"
1343,surveillance,{3}
1344,legislative,{2}
1345,environment,{3}
1346,except,"{1, 7}"
1347,legends,{8}
1348,56,"{8, 2}"
1349,geldof,{8}
1350,democratically,{2}
1351,funk,{6}
1352,countrybycountry,{2}
1353,two,"{1, 2, 3, 4, 5, 6, 7, 8, 9}"
1354,olympics,{3}
1355,trinidads,{3}
1356,science,{3}
1357,symbolically,{3}
1358,casually,{7}
1359,1990,{1}
1360,jolted,{7}
1361,60,{1}
1362,visas,{2}
1363,all,{7}
1364,dear,{7}
1365,extremist,{3}
1366,dollars,{2}
1367,shifted,{2}
1368,lot,"{2, 3, 5, 6, 7, 8}"
1369,mark,{3}
1370,act,"{1, 2, 7}"
1371,images,"{8, 10, 2, 3, 7}"
1372,italy,{2}
1373,every,"{1, 2, 3, 6, 7, 8}"
1374,cool,"{8, 3}"
1375,ratified,"{1, 2}"
1376,majority,"{1, 2, 3, 4, 5, 7}"
1377,stage,{2}
1378,changes,"{2, 5}"
1379,awfully,{2}
1380,files,{3}
1381,600000,{3}
1382,requirements2,{5}
1383,blond,{7}
1384,targeting,{3}
1385,later,"{8, 9, 3}"
1386,famously,"{8, 9}"
1387,robert,"{8, 3}"
1388,way,{3}
1389,hire,{3}
1390,2004,"{1, 7}"
1391,united,"{1, 2, 4, 6, 7, 8, 9, 10}"
1392,far,"{2, 3, 5, 7}"
1393,destabilising,{7}
1394,unencumbered,{2}
1395,available,"{1, 2}"
1396,syriza,{7}
1397,tide,{8}
1398,employee,{3}
1399,it,"{3, 7}"
1400,politicians,"{2, 7}"
1401,severe,"{8, 6}"
1402,punish,{7}
1403,topic,{1}
1404,legitimize,{7}
1405,follies,{7}
1406,cheerleaders,{2}
1407,discover,{3}
1408,brings,{3}
1409,neither,{8}
1410,1974,{1}
1411,sensible,{7}
1412,wide,{2}
1413,canadians,{3}
1414,britains,"{1, 2, 5}"
1415,entity,{4}
1416,half,"{2, 3, 5}"
1417,tested,{10}
1418,kingdoms,{4}
1419,help,{3}
1420,laws,"{2, 3, 4}"
1421,organisations,{2}
1422,spat,{2}
1423,july,"{1, 9}"
1424,flanked,{9}
1425,noticeable,"{8, 1}"
1426,state,"{1, 2, 3, 5}"
1427,youre,"{2, 6}"
1428,whatsoever,{2}
1429,lisbon,"{1, 2, 5}"
1430,prospect,{2}
1431,sharpish,{2}
1432,says,"{2, 3, 5, 7}"
1433,west,{3}
1434,elon,{3}
1435,unionist,{3}
1436,citizens,{3}
1437,branch,{3}
1438,disinformation,{3}
1439,patrick,{2}
1440,companies,"{2, 3}"
1441,£42bn,{2}
1442,wonder,{7}
1443,victory,{9}
1444,homeware,{2}
1445,bridge,{8}
1446,community,"{1, 2, 4, 8, 9, 10}"
1447,201415,{2}
1448,lean,{8}
1449,identity,"{8, 2}"
1450,entering,{2}
1451,chosen,{6}
1452,intends,{5}
1453,construct,{3}
1454,fan,{2}
1455,martin,"{2, 3}"
1456,greeted,{2}
1457,credible,{3}
1458,inflation,"{9, 2}"
1459,seeing,"{3, 6}"
1460,1977,{1}
1461,purposes,"{3, 5, 7}"
1462,prosper,{2}
1463,finance,"{3, 7}"
1464,receive,{2}
1465,suppression,{3}
1466,experimental,{3}
1467,creation,"{1, 2}"
1468,harried,{7}
1469,angela,{7}
1470,recovered,"{9, 7}"
1471,negotiated,"{1, 2, 5}"
1472,thin,{7}
1473,continue,"{1, 2, 5, 6, 8, 9}"
1474,weve,{2}
1475,copyrightgetty,{2}
1476,pm,"{9, 2, 4, 5, 7}"
1477,received,"{9, 2}"
1478,weird,{3}
1479,possibly,"{2, 4}"
1480,acknowledged,{1}
1481,global,"{8, 10, 2, 3, 7}"
1482,paymaster,{7}
1483,about,{3}
1484,ecjs,{2}
1485,connections,{3}
1486,played,"{2, 3}"
1487,profiles,{3}
1488,families,"{2, 7}"
1489,genre,{8}
1490,urgent,"{2, 7}"
1491,police,"{3, 7}"
1492,richer,"{2, 7}"
1493,particular,{6}
1494,euderived,{2}
1495,ones,{2}
1496,contractor,{3}
1497,page,"{8, 2, 3}"
1498,decades,"{8, 9, 2}"
1499,resigning,{2}
1500,adrian,{2}
1501,escape,{8}
1502,capital,"{1, 10, 6, 7}"
1503,agrees,{2}
1504,2,"{8, 5, 7}"
1505,eurosceptics,{9}
1506,able,"{8, 2, 4, 6}"
1507,action,{3}
1508,duly,{2}
1509,£57bn,{2}
1510,ukstyle,{6}
1511,tries,"{2, 7}"
1512,1990despite,{1}
1513,sorts,{3}
1514,threatened,{2}
1515,europeans,"{8, 6, 7}"
1516,crucial,"{8, 2, 3}"
1517,extradition,{2}
1518,warfare,"{9, 3}"
1519,set,"{1, 2, 3, 5, 6}"
1520,anonymity,{3}
1521,switzerland,{2}
1522,silver,{2}
1523,anothers,{6}
1524,highlighted,"{8, 9}"
1525,exsoviet,{7}
1526,osborne,"{1, 2, 9, 7}"
1527,never,"{8, 2, 3, 7}"
1528,point,"{2, 3, 5, 6, 7}"
1529,subtext,{8}
1530,posh,{3}
1531,campaigns,{8}
1532,getout,{2}
1533,natural,"{3, 6}"
1534,convention,{1}
1535,customs,"{1, 2}"
1536,passportsimage,{2}
1537,levels,"{2, 6}"
1538,etonian,{3}
1539,relinquishing,{4}
1540,protestant,{7}
1541,£278m,{2}
1542,52,"{9, 2, 10, 4, 5}"
1543,explained,"{8, 9, 6}"
1544,chancellor,"{1, 2, 9, 7}"
1545,london,{3}
1546,cultural,"{8, 3, 4, 7}"
1547,taxpayers,"{1, 2}"
1548,seat,{1}
1549,result,"{1, 2, 3, 4, 5, 9, 10}"
1550,442,{2}
1551,portmanteau,"{8, 9}"
1552,him,{3}
1553,eager,{4}
1554,allows,"{2, 4}"
1555,exiting,"{1, 2, 9}"
1556,risen,"{2, 6}"
1557,street,"{9, 2, 3}"
1558,business,"{2, 3, 4, 5, 7, 10}"
1559,manifesto,"{2, 3}"
1560,determining,{3}
1561,growing,{8}
1562,marmites,{2}
1563,killed,{8}
1564,element,"{9, 4}"
1565,deeper,{8}
1566,fall,"{9, 2}"
1567,washington,"{8, 7}"
1568,give,"{8, 2}"
1569,agreement,"{2, 3, 5, 6, 7, 8}"
1570,loans,{2}
1571,procedural,{2}
1572,£50000,{3}
1573,messy,{10}
1574,breakdown,{2}
1575,ministersthe,{1}
1576,headaches,{10}
1577,slogans,{8}
1578,lots,"{2, 6}"
1579,camps,{1}
1580,data,"{1, 3}"
1581,paddy,{2}
1582,previously,"{3, 6}"
1583,not,{3}
1584,renegotiations,{1}
1585,bradleys,{2}
1586,dominance,{3}
1587,thursdays,{7}
1588,order,"{3, 4}"
1589,auspices,{2}
1590,fault,{8}
1591,impose,{2}
1592,aggregrateiq,{3}
1593,kingdoms,{1}
1594,authoritarian,"{3, 7}"
1595,bill,"{1, 2, 3, 5, 7}"
1596,platforms,{3}
1597,mistakes,{7}
1598,stabbed,{8}
1599,includes,"{2, 3}"
1600,nationalistic,"{8, 7}"
1601,deported,{10}
1602,nhs,"{9, 2}"
1603,liverpool,{2}
1604,unlimited,{2}
1605,proeu,{7}
1606,britain,{8}
1607,turnergetty,{10}
1608,gaining,{2}
1609,signimage,{2}
1610,reached,"{2, 3}"
1611,citys,{2}
1612,course,{2}
1613,appended,{3}
1614,govts,{5}
1615,threshold,{5}
1616,barriers,{6}
1617,magnet,{7}
1618,alan,{2}
1619,talked,{2}
1620,drifting,{7}
1621,wants,{8}
1622,chinaimage,{2}
1623,donated,{3}
1624,guess,{2}
1625,renegotiation,{7}
1626,building,{2}
1627,downing,"{9, 2, 7}"
1628,aftermath,{4}
1629,wash,{7}
1630,klaas,{8}
1631,eurovision,{2}
1632,oneill,{2}
1633,participate,"{2, 4, 5}"
1634,deepened,{7}
1635,tarifffree,{2}
1636,close,"{8, 9, 2, 3, 5}"
1637,internationalist,{7}
1638,push,"{2, 4}"
1639,oldschool,{3}
1640,valuation,{8}
1641,agreeing,{5}
1642,states,{8}
1643,although,"{1, 2, 9}"
1644,lofty,{8}
1645,triggers,"{3, 5}"
1646,iran,{3}
1647,anecdotal,{2}
1648,illustrated,{2}
1649,borders,"{8, 2, 4, 5, 6}"
1650,almost,{3}
1651,gateway,{7}
1652,fortnight,{1}
1653,hijacked,{3}
1654,personally,"{10, 7}"
1655,everyday,{9}
1656,response,"{2, 4}"
1657,russian,"{8, 3}"
1658,advocates,"{8, 1, 2}"
1659,favourite,{9}
1660,guarantees,"{1, 2}"
1661,person,{3}
1662,forward,"{2, 5}"
1663,exodus,{2}
1664,power,"{8, 1, 2, 3, 5}"
1665,pa,{5}
1666,image,{2}
1667,reflected,{1}
1668,h,{5}
1669,founder,{2}
1670,nonfood,{2}
1671,assess,{3}
1672,behind,{7}
1673,copyrightap,{2}
1674,eurozone,"{8, 7}"
1675,intimately,{3}
1676,appoint,{3}
1677,donor,{3}
1678,young,"{2, 3, 7}"
1679,coming,"{2, 3, 6}"
1680,trumped,{7}
1681,replaced,{1}
1682,precisely,{2}
1683,forming,{2}
1684,centre,"{8, 2, 3}"
1685,dramatically,{8}
1686,promise,{7}
1687,persuade,"{9, 3}"
1688,incoming,{1}
1689,overwhelmingly,"{8, 1, 5, 7}"
1690,affairs,"{1, 2}"
1691,brexitland,{2}
1692,sadly,{2}
1693,spain,"{2, 10, 6}"
1694,remained,"{8, 1, 2, 9, 7}"
1695,launceston,{2}
1696,marland,{3}
1697,dull,{7}
1698,collection,{6}
1699,arrived,{7}
1700,story,"{8, 3}"
1701,metaphorical,{7}
1702,australians,{7}
1703,opposed,{1}
1704,commission,"{1, 2, 3}"
1705,technical,{2}
1706,powerbook,{3}
1707,email,"{8, 9, 3}"
1708,judges,{5}
1709,modern,{7}
1710,success,{1}
1711,goals,"{2, 4}"
1712,brilliant,{3}
1713,tousleheaded,{7}
1714,navigate,{6}
1715,skull,{7}
1716,delivered,"{1, 3, 5}"
1717,£688m,{2}
1718,reject,{5}
1719,species,{2}
1720,ship,{6}
1721,94,{2}
1722,homeland,{3}
1723,average,{2}
1724,woman,{2}
1725,go,"{10, 2, 3, 6, 7}"
1726,makers,{2}
1727,spainimage,{2}
1728,loyalty,{7}
1729,money,"{8, 2, 3, 4, 7}"
1730,grexit,{9}
1731,unexpected,{5}
1732,adoption,{1}
1733,stance,"{2, 5}"
1734,services,"{1, 2, 3, 6, 7, 10}"
1735,roles,{2}
1736,weekend,{3}
1737,immediately,{1}
1738,reversed,{2}
1739,travelex,{2}
1740,leaveeu,{3}
1741,longer,"{2, 3, 4, 5}"
1742,hit,"{9, 5, 6}"
1743,position,"{1, 2, 4, 9, 7}"
1744,havent,{2}
1745,operations,{3}
1746,windowclick,{5}
1747,symbol,{2}
1748,hassles,{10}
1749,wish,"{1, 5}"
1750,calls,{1}
1751,hill,{7}
1752,1945,{7}
1753,halfkenyan,{7}
1754,earnings,{2}
1755,troubles,{2}
1756,protect,"{8, 2}"
1757,scratch,{2}
1758,generates,{2}
1759,giants,{7}
1760,wanting,{2}
1761,pundits,{7}
1762,unless,"{2, 3, 5}"
1763,cease,"{1, 5}"
1764,wilson,"{1, 7}"
1765,reunite,{7}
1766,consequently,{2}
1767,freely,"{2, 6}"
1768,nomination,{3}
1769,node,{3}
1770,entail,{4}
1771,loom,{10}
1772,rule,"{2, 3}"
1773,handed,{2}
1774,may,"{1, 2, 3, 5, 6, 7, 8, 9}"
1775,oneday,{1}
1776,coverage,"{2, 3}"
1777,merkels,{7}
1778,site,"{1, 3}"
1779,green,{2}
1780,habitual,{2}
1781,interests,{3}
1782,upset,{3}
1783,lawmaking,{2}
1784,decimate,{7}
1785,nonresident,{2}
1786,journal,{3}
1787,powerless,{3}
1788,lab,{3}
1789,camerons,"{1, 2, 5}"
1790,approved,"{1, 2, 5}"
1791,candidates,{1}
1792,speak,{6}
1793,managed,{3}
1794,areas,"{1, 2}"
1795,gobsmacking,{3}
1796,us,"{2, 3, 5, 6, 7, 8}"
1797,campaigns,"{1, 3}"
1798,subliminal,{8}
1799,britain,"{1, 2, 3, 4, 5, 6, 7, 8, 9, 10}"
1800,muslims,{2}
1801,transylvania,{2}
1802,pleased,{2}
1803,tabloids,{8}
1804,president,"{1, 2, 3, 5}"
1805,requiring,{5}
1806,full,{3}
1807,dutch,"{1, 2}"
1808,enacted,{1}
1809,contribution,"{2, 7}"
1810,totally,{3}
1811,administers,{2}
1812,shortterm,{3}
1813,conditions,{5}
1814,net,{2}
1815,1992,"{1, 2}"
1816,ms,{2}
1817,threatening,"{8, 10}"
1818,indeed,{2}
1819,wave,{2}
1820,held,"{1, 2, 3, 5, 9}"
1821,inquiry,{3}
1822,universitys,"{8, 7}"
1823,shocked,{8}
1824,francis,{2}
1825,feeling,{8}
1826,confirm,"{3, 5}"
1827,defeated,{1}
1828,together,"{2, 3, 6}"
1829,increased,"{2, 6}"
1830,acknowledge,{3}
1831,facts,"{8, 3}"
1832,0,{3}
1833,posttraumatic,{3}
1834,flooding,{2}
1835,phenomenon,{3}
1836,century,{3}
1837,posts,{5}
1838,grexit,{2}
1839,hallenagence,{8}
1840,identity,{8}
1841,perceived,{7}
1842,trump,"{2, 3, 5, 7}"
1843,feel,"{2, 7}"
1844,bearing,{8}
1845,confusingly,{2}
1846,unamended,{2}
1847,authority,"{8, 3}"
1848,stateowned,{3}
1849,week,"{8, 9, 2, 3, 7}"
1850,threat,"{8, 9, 3, 7}"
1851,hills,{2}
1852,decadesold,{7}
1853,germanys,{2}
1854,remain,{8}
1855,mediocre,{8}
1856,funded,"{1, 2, 3}"
1857,reminded,{2}
1858,brutal,{9}
1859,directly,{2}
1860,increases,{2}
1861,study,"{8, 2, 3}"
1862,newcomers,{7}
1863,development,{2}
1864,matter,"{8, 1, 2, 5, 7}"
1865,jeoneuropean,{8}
1866,stakes,{8}
1867,said,"{1, 2, 3, 5, 7, 8, 9}"
1868,usually,"{8, 3}"
1869,serving,{2}
1870,imbalance,{8}
1871,residents,{2}
1872,lose,"{1, 2, 6, 7, 8, 10}"
1873,ill,{3}
1874,rust,{7}
1875,balance,{2}
1876,planet,{3}
1877,consequences,"{8, 2, 10, 6}"
1878,words,"{8, 9, 2, 3}"
1879,authorities,{3}
1880,gain,{2}
1881,terrence,{8}
1882,fishing,{8}
1883,sixth,{8}
1884,2183,{5}
1885,currently,"{2, 3, 6}"
1886,victoria,{3}
1887,participation,{4}
1888,accordance,{5}
1889,caused,"{9, 2, 10}"
1890,comment,{3}
1891,disengagement,{3}
1892,hits,{3}
1893,antiimmigration,{10}
1894,environmentrelated,{2}
1895,notification,"{1, 5}"
1896,antieuropean,{1}
1897,746,{7}
1898,£88bn,{2}
1899,someplace,{8}
1900,ministry,{3}
1901,mi6,{3}
1902,slivers,{3}
1903,borwick,{3}
1904,hearts,{3}
1905,spaniards,{7}
1906,faced,"{2, 5, 7}"
1907,closer,"{1, 2}"
1908,supposed,"{2, 5}"
1909,duty,{2}
1910,walking,{2}
1911,twists,{6}
1912,postbrexit,{2}
1913,refugees,"{8, 7}"
1914,proprietary,{3}
1915,enabled,{3}
1916,ten,{7}
1917,extreme,{2}
1918,moment,"{9, 2, 3, 6}"
1919,china,{7}
1920,envied,{7}
1921,stems,{8}
1922,dawn,{7}
1923,subsequently,{1}
1924,fascist,{3}
1925,unlike,{2}
1926,grimes,{3}
1927,eu,{8}
1928,benefits,"{1, 2, 4}"
1929,wishing,"{5, 7}"
1930,oversold,{3}
1931,world,{3}
1932,pointed,{3}
1933,eight,{5}
1934,hear,{8}
1935,controls,{2}
1936,hm,{2}
1937,patriotic,{3}
1938,chairman,"{2, 3}"
1939,member,"{1, 2, 3, 4, 5, 6, 7, 8, 10}"
1940,eurozones,{7}
1941,employees,{3}
1942,caption,{2}
1943,dropping,{2}
1944,network,"{3, 7}"
1945,predicted,"{9, 2, 10}"
1946,complain,{2}
1947,legislate,{1}
1948,items,{2}
1949,garciamargallo,{2}
1950,word,"{9, 2, 3, 7}"
1951,involving,"{2, 3, 5}"
1952,rebate,"{1, 2}"
1953,met,"{3, 5}"
1954,bsa,{1}
1955,eric,{3}
1956,tobago,{3}
1957,trouble,{5}
1958,england,"{2, 4}"
1959,disinformation,{3}
1960,hayoung,{8}
1961,underdeclaring,{3}
1962,gps,{2}
1963,escapees,{7}
1964,philip,"{1, 2}"
1965,subverted,{3}
1966,drummed,{3}
1967,brexit,"{8, 9}"
1968,bargainhunting,{7}
1969,mac,{3}
1970,tectonic,{3}
1971,extraordinary,{3}
1972,core,{3}
1973,teenagers,{7}
1974,clout,{2}
1975,letter,"{1, 2, 3, 5}"
1976,predecessor,"{1, 10, 9}"
1977,brought,"{2, 3}"
1978,crisis,"{2, 6, 7, 8, 9, 10}"
1979,interviewed,{3}
1980,sdlp,{2}
1981,akin,{8}
1982,hitlerism,{7}
1983,democracy,{3}
1984,ukraine,"{2, 3}"
1985,israel,{2}
1986,information,{3}
1987,percentage,{7}
1988,realize,{8}
1989,wheeler,{2}
1990,48,"{2, 4, 5}"
1991,suddenly,{2}
1992,treasury,{2}
1993,phased,{2}
1994,revealed,{3}
1995,generosity,{7}
1996,changed,"{1, 2, 3, 6}"
1997,claimed,"{8, 2, 3}"
1998,cpih,{2}
1999,trading,"{2, 10}"
2000,happening,{3}
2001,presidency,"{1, 5}"
2002,grips,{3}
2003,commissions,{3}
2004,scexit,{8}
2005,2010s,{9}
2006,share,"{1, 2, 5, 6, 7, 8, 9, 10}"
2007,ceases,{2}
2008,papers,{3}
2009,hands,"{3, 7}"
2010,hubs,{2}
2011,hardback,{2}
2012,uniquely,{3}
2013,mercerfunded,{3}
2014,simple,"{2, 6}"
2015,european,"{1, 2, 3, 4, 5, 6, 7, 8, 9, 10}"
2016,harboured,{1}
2017,youll,{2}
2018,defying,{6}
2019,impacts,{10}
2020,say,"{2, 3, 5, 6, 7, 8}"
2021,analytics,{3}
2022,euimage,{2}
2023,yes,{7}
2024,expressions,{6}
2025,means,"{2, 4, 5, 6, 7, 8}"
2026,whether,"{1, 2, 3, 5, 6, 8}"
2027,emigrants,{2}
2028,cash,{2}
2029,website,{3}
2030,rupert,{3}
2031,piece,{3}
2032,prevailed,{7}
2033,brexiting,{7}
2034,sclca,{3}
2035,swung,{9}
2036,bannons,{3}
2037,trials,{3}
2038,lib,"{2, 3, 7}"
2039,spooked,{10}
2040,added,{2}
2041,increase,"{1, 2}"
2042,america,{3}
2043,operate,{2}
2044,commander,{3}
2045,broader,"{8, 6}"
2046,wright,{5}
2047,dont,"{3, 6}"
2048,810860,{1}
2049,sharp,{9}
2050,syrian,{10}
2051,norman,{2}
2052,dup,"{2, 3}"
2053,made,"{1, 2, 3, 4, 6, 8, 9}"
2054,ruled,"{1, 2, 5}"
2055,vetoed,{1}
2056,history,"{3, 5, 7}"
2057,concerned,"{3, 5}"
2058,stock,"{9, 10}"
2059,frustrate,{2}
2060,afghanistan,{3}
2061,apart,{1}
2062,globalisation,{3}
2063,evidence,"{2, 3}"
2064,coowner,{3}
2065,pitched,{3}
2066,written,"{8, 3}"
2067,sharing,"{3, 7}"
2068,shopimage,{2}
2069,pays,"{2, 3}"
2070,treaties,"{1, 2, 5}"
2071,turned,{3}
2072,curbs,{2}
2073,limited,"{2, 3}"
2074,antiestablishment,"{8, 5}"
2075,mood,"{2, 6, 7}"
2076,29,"{8, 1, 2, 3, 5}"
2077,polish,{2}
2078,condition,"{2, 3}"
2079,aide,{3}
2080,dwp,{2}
2081,nondisclosure,{3}
2082,poor,"{8, 6, 7}"
2083,employment,{2}
2084,unique,"{8, 9, 2}"
2085,erdogan,{3}
2086,constituencies,{1}
2087,tell,{7}
2088,elite,{7}
2089,limiting,{2}
2090,question,"{1, 2, 3, 5, 6}"
2091,chips,{8}
2092,shorthand,{2}
2093,data,{3}
2094,tune,{2}
2095,americans,{7}
2096,formerly,{3}
2097,consultancy,{3}
2098,vitamins,{2}
2099,waiting,{2}
2100,terrifying,{3}
2101,leaveeus,{3}
2102,thoughts,{6}
2103,looms,"{8, 7}"
2104,mass,"{2, 3}"
2105,source,"{8, 3}"
2106,proposal,{3}
2107,britons,{7}
2108,project,"{8, 1, 3, 7}"
2109,finalise,{2}
2110,striking,{8}
2111,wermuthreuters,{8}
2112,background,"{1, 4}"
2113,getting,"{2, 3, 7}"
2114,pass,"{2, 5}"
2115,editor,"{2, 7}"
2116,parliament,{3}
2117,therefore,"{1, 2}"
2118,privileges,{6}
2119,resentments,{7}
2120,vladimir,"{8, 7}"
2121,foot,{7}
2122,taub,{8}
2123,opportunities,{8}
2124,period,"{1, 2, 3}"
2125,expensive,{2}
2126,refused,"{8, 3}"
2127,i,"{9, 3}"
2128,psychologists,{3}
2129,invocation,{1}
2130,30,"{1, 2, 4, 5}"
2131,paragraphs,"{2, 5}"
2132,income,"{2, 7}"
2133,tried,{7}
2134,facing,"{2, 6, 7}"
2135,figures,"{1, 2, 9, 7}"
2136,prior,{1}
2137,market,"{4, 5, 7}"
2138,developed,{8}
2139,wouldbe,{3}
2140,winter,{7}
2141,flights,{8}
2142,aiming,{2}
2143,leading,"{2, 3, 5, 6, 7, 8, 10}"
2144,ideologue,{3}
2145,newly,"{1, 3}"
2146,arent,{6}
2147,2030,{10}
2148,military,"{2, 3}"
2149,decline,"{1, 9}"
2150,wherever,{3}
2151,southern,{6}
2152,houdini,{7}
2153,abroad,{2}
2154,irritations,{2}
2155,catchall,{7}
2156,remaining,"{8, 1, 2, 4, 5}"
2157,outcome,"{1, 10, 5, 7}"
2158,final,"{2, 4, 5}"
2159,draughty,{2}
2160,35,{1}
2161,telephone,{3}
2162,around,"{1, 2, 3, 4, 5, 7, 10}"
2163,health,{3}
2164,string,{2}
2165,incompatible,{1}
2166,2010,{7}
2167,year,"{1, 2, 5, 6, 7}"
2168,city,{7}
2169,suggestions,{3}
2170,british,"{1, 2, 3, 4, 5, 6, 7, 8, 9, 10}"
2171,statistical,{1}
2172,covered,{2}
2173,implies,{2}
2174,flounder,{2}
2175,reaction,{1}
2176,partner,{3}
2177,withdrawing,{5}
2178,requirements,{5}
2179,opposing,{9}
2180,dvla,{2}
2181,smith,{2}
2182,highly,{2}
2183,psychological,{3}
2184,unruly,{7}
2185,black,{1}
2186,using,"{8, 10, 2, 3}"
2187,1972,"{1, 2}"
2188,easter,{2}
2189,31,"{8, 7}"
2190,moments,{3}
2191,guide,"{2, 7}"
2192,describe,{3}
2193,optimistic,{2}
2194,officials,"{6, 7}"
2195,simon,{2}
2196,free,"{1, 2, 3, 4, 7}"
2197,discussion,"{2, 6}"
2198,receives,{4}
2199,base,{3}
2200,aggressively,{7}
2201,develop,{4}
2202,plus,"{2, 7}"
2203,compulsory,{2}
2204,bills,{2}
2205,looked,{3}
2206,skilled,{2}
2207,form,"{1, 2}"
2208,£625000,{3}
2209,surprised,"{2, 6}"
2210,chaired,{1}
2211,mercer,{3}
2212,reality,"{2, 3, 4}"
2213,version,"{2, 4, 7}"
2214,continues,{9}
2215,environment,"{2, 10}"
2216,leadsom,{9}
2217,asks,"{2, 5}"
2218,trundling,{2}
2219,learned,{3}
2220,assertive,{2}
2221,psych,{3}
2222,43,{2}
2223,scaremongering,{2}
2224,historian,{8}
2225,palantir,{3}
2226,narrow,{9}
2227,trigger,{5}
2228,survey,"{8, 1, 6}"
2229,refuses,{5}
2230,damaged,"{2, 7}"
2231,advisable,{1}
2232,politically,"{2, 6}"
2233,economically,{8}
2234,renegotiated,{1}
2235,tusk,"{1, 2, 5}"
2236,clean,{3}
2237,driven,{6}
2238,scientists,"{1, 3}"
2239,past,{2}
2240,arose,{1}
2241,drive,"{2, 7}"
2242,winning,{3}
2243,times,"{1, 3, 9, 6, 7}"
2244,firm,{3}
2245,settlement,{1}
2246,aggegrateiq,{3}
2247,13,"{1, 2, 9}"
2248,romewithout,{1}
2249,reformed,{1}
2250,expressed,"{8, 9}"
2251,split,"{8, 2}"
2252,individualised,{3}
2253,side,{8}
2254,whose,"{8, 2, 3, 6, 7}"
2255,bows,{3}
2256,raised,{2}
2257,last,"{2, 3, 5, 6, 7, 8}"
2258,medical,{2}
2259,jointly,{3}
2260,stories,"{8, 3, 7}"
2261,better,"{8, 1, 2, 9}"
2262,nation,"{8, 9, 2}"
2263,communities,"{1, 2}"
2264,inwork,"{1, 2}"
2265,war,"{2, 3, 5, 6, 7}"
2266,residency,{2}
2267,crossparty,{2}
2268,increasing,"{1, 9}"
2269,imagine,{2}
2270,liam,"{2, 5}"
2271,native,{2}
2272,1230pm,{5}
2273,wouldnt,"{8, 3, 6}"
2274,proposition,{7}
2275,typically,{8}
2276,vox,{6}
2277,manipulate,{3}
2278,embarrassment,{7}
2279,microtarget,{3}
2280,rightwing,"{1, 3}"
2281,petty,{2}
2282,20000,{2}
2283,voters,"{1, 3, 6, 7, 8, 10}"
2284,college,{3}
2285,discontinue,{4}
2286,mug,{8}
2287,specific,"{1, 2}"
2288,passing,{3}
2289,deeply,"{8, 10}"
2290,laughing,{2}
2291,deter,{2}
2292,splash,{3}
2293,en,{3}
2294,instead,"{8, 2, 6, 7}"
2295,elected,"{1, 7}"
2296,500,{7}
2297,renewed,{7}
2298,shaw,{3}
2299,peoples,{2}
2300,believe,"{9, 3, 4, 6}"
2301,the,"{8, 3, 7}"
2302,bailing,{8}
2303,voters,{3}
2304,looking,{2}
2305,greens,{1}
2306,physicists,{3}
2307,2007,{1}
2308,teu,{1}
2309,results,"{1, 3}"
2310,relatively,"{2, 6}"
2311,markets,"{8, 9, 10, 7}"
2312,ended,"{2, 3}"
2313,rightly,{7}
2314,best,{2}
2315,meet,"{2, 3, 5}"
2316,newspaper,{9}
2317,commander,{3}
2318,invoke,"{1, 2, 4, 5}"
2319,recently,"{3, 7}"
2320,tied,{4}
2321,im,{3}
2322,easier,"{2, 6, 7}"
2323,wages,{8}
2324,shift,"{2, 3, 7}"
2325,votes,"{8, 1, 2, 7}"
2326,countrys,"{8, 5, 6}"
2327,40,"{9, 2}"
2328,reading,{8}
2329,thread,{3}
2330,company,"{8, 2, 3}"
2331,methods,{3}
2332,supported,"{1, 3, 4, 5, 7, 8, 9}"
2333,extremely,{4}
2334,goods,"{2, 4, 5, 6, 7, 9}"
2335,way,"{8, 2, 3, 4, 7}"
2336,players,"{3, 7}"
2337,announcement,{5}
2338,government,"{1, 2, 3, 5, 7, 9, 10}"
2339,came,"{1, 3, 4, 5, 6, 10}"
2340,uncontrollable,{8}
2341,spoken,{3}
2342,claim,"{8, 9, 2}"
2343,straightforward,{2}
2344,zuckerberg,{3}
2345,acting,{5}
2346,center,{8}
2347,2013,"{8, 1, 3}"
2348,annoy,{2}
2349,campaigner,"{8, 2, 5}"
2350,underpinned,{3}
2351,dataharvesting,{3}
2352,return,"{2, 3, 7}"
2353,antieu,{2}
2354,hated,{2}
2355,road,"{8, 5}"
2356,influence,"{1, 2, 3}"
2357,airport,{2}
2358,chose,"{2, 3}"
2359,boats,{8}
2360,endorsed,{7}
2361,negotiating,"{2, 10}"
2362,primacy,{2}
2363,documented,{1}
2364,postgraduate,{3}
2365,microtargeting,{3}
2366,pensioners,{9}
2367,nsa,{3}
2368,giving,"{2, 3, 5}"
2369,sinn,{2}
2370,suggests,{5}
2371,signalled,{5}
2372,defecting,{1}
2373,management,{3}
2374,savings,{2}
2375,whos,{2}
2376,father,{3}
2377,wrote,"{3, 6}"
2378,regime,{3}
2379,disputed,{7}
2380,seats,{1}
2381,feed,"{2, 3}"
2382,field,"{2, 7}"
2383,mi6s,{3}
2384,americas,{7}
2385,affiliated,"{2, 3}"
2386,austerity,{7}
2387,rapid,{7}
2388,become,"{2, 4, 5, 6, 7, 8, 9, 10}"
2389,opened,{3}
2390,basking,{3}
2391,twitter,"{3, 5, 7}"
2392,advocated,"{1, 4}"
2393,basis,{2}
2394,end,"{10, 1, 2, 3, 9}"
2395,began,"{9, 2, 3, 5}"
2396,song,"{8, 2}"
2397,germany,"{8, 1, 2}"
2398,evolution,{1}
2399,economist,"{2, 6}"
2400,reduce,"{1, 2}"
2401,you,{3}
2402,second,"{1, 2, 3, 5, 6, 7, 9}"
2403,integrate,{6}
2404,cost,"{1, 2, 9, 7}"
2405,arent,{2}
2406,swathes,{9}
2407,link,{3}
2408,low,"{8, 2}"
2409,imposes,{2}
2410,profound,"{10, 3}"
2411,ons,{2}
2412,northern,"{1, 2, 3, 4, 7, 9}"
2413,significance,{3}
2414,neighbours,{7}
2415,tourists,{2}
2416,slower,{8}
2417,wont,{3}
2418,intention,"{1, 5}"
2419,overrun,{8}
2420,british,{9}
2421,wreck,{2}
2422,comments,"{9, 3, 5, 7}"
2423,era,{7}
2424,handling,"{10, 6}"
2425,happen,"{8, 3}"
2426,overregulation,{7}
2427,ban,{2}
2428,masse,{3}
2429,hairraising,{3}
2430,search,"{3, 7}"
2431,bullingdon,{7}
2432,holocaust,{3}
2433,largely,{4}
2434,unfortunate,{3}
2435,determined,{3}
2436,aims,{3}
2437,patience,{1}
2438,hurtle,{3}
2439,thirty,{1}
2440,several,"{2, 3, 7}"
2441,lauren,{5}
2442,skyhigh,{10}
2443,reveal,{2}
2444,states,"{1, 2, 3, 4, 5, 6, 7, 8}"
2445,meaningful,"{8, 2, 5}"
2446,midst,{3}
2447,envoy,{3}
2448,administration,{3}
2449,europhilia,{1}
2450,ripple,{6}
2451,manager,{2}
2452,linked,"{2, 3}"
2453,complicated,"{2, 3, 6}"
2454,knack,{7}
2455,nonbritish,{10}
2456,ukip,"{1, 2, 3, 5, 7, 9, 10}"
2457,concern,"{2, 3}"
2458,275,{1}
2459,cant,"{8, 3, 7}"
2460,officer,"{3, 7}"
2461,regulation,"{6, 7}"
2462,articles,{3}
2463,ukips,"{1, 2}"
2464,sensed,{7}
2465,ability,{2}
2466,application,{1}
2467,bosss,{3}
2468,senate,{3}
2469,scars,{3}
2470,somewhere,{3}
2471,iota,{3}
2472,technologies,{3}
2473,chilling,{3}
2474,difference,"{2, 7}"
2475,2016,"{1, 2, 3, 4, 5, 7, 8, 9, 10}"
2476,euromyths,{8}
2477,proponents,{4}
2478,enforceability,{1}
2479,im,{2}
2480,knowing,{3}
2481,tool,"{9, 3}"
2482,territory,{2}
2483,eastern,{8}
2484,moved,{2}
2485,funding,"{8, 9, 3}"
2486,uphold,{3}
2487,farright,"{8, 10, 7}"
2488,accept,{2}
2489,£750000,{2}
2490,territories,{2}
2491,wake,{2}
2492,gamble,{7}
2493,sectorbysector,{2}
2494,chafing,{7}
2495,invoices,{3}
2496,fearing,{2}
2497,collapse,{7}
2498,speaking,"{2, 3}"
2499,£30m,{2}
2500,unemployed,{7}
2501,daughter,{3}
2502,narrative,{8}
2503,gisela,"{2, 5}"
2504,senior,"{1, 2, 3, 5}"
2505,count,{2}
2506,encouraging,"{2, 3}"
2507,culmination,{5}
2508,status,"{8, 2, 10, 7}"
2509,supposedly,{8}
2510,secure,{2}
2511,easiest,{2}
2512,plutocrats,{3}
2513,greatest,{8}
2514,inside,"{9, 2, 3}"
2515,daily,{2}
2516,rejection,{1}
2517,bellowed,{8}
2518,refugee,"{8, 10, 7}"
2519,judgements,{2}
2520,cut,"{8, 2}"
2521,office,"{1, 2, 3, 7}"
2522,nurses,{2}
2523,takes,"{2, 3, 5}"
2524,purpose,{3}
2525,cakes,{3}
2526,channel,{7}
2527,behalf,"{3, 5}"
2528,pegged,{1}
2529,securing,{2}
2530,decided,"{2, 3, 4, 5}"
2531,nine,"{2, 7}"
2532,collective,{1}
2533,men,"{2, 7}"
2534,aligned,{3}
2535,yesterday,{6}
2536,relaxing,{1}
2537,grab,{3}
2538,preserve,{1}
2539,economy,{8}
2540,paris,"{2, 7}"
2541,merging,"{2, 5}"
2542,at,{8}
2543,reason,"{8, 2, 7}"
2544,protesters,{7}
2545,association,"{2, 5}"
2546,willing,{8}
2547,»,{8}
2548,traits,{3}
2549,specialists,{3}
2550,shadowy,{3}
2551,clothing,{2}
2552,tv,{7}
2553,exitism,{2}
2554,regarding,{4}
2555,chagrin,{2}
2556,divisive,{7}
2557,majorities,{6}
2558,replacing,{2}
2559,slogan,{7}
2560,allies,"{1, 7}"
2561,unrest,{7}
2562,became,"{1, 2, 3, 5, 8, 9}"
2563,belcoo,{2}
2564,britain,{8}
2565,citizensonly,{2}
2566,pensions,{2}
2567,mad,{3}
2568,eurosimage,{2}
2569,subject,"{3, 4, 5}"
2570,efficient,{5}
2571,health,"{2, 3, 7}"
2572,locked,{2}
2573,timbuktu,{2}
2574,decisionmaking,{2}
2575,mostly,"{3, 4, 7}"
2576,nigel,"{1, 2, 3, 7, 8, 9, 10}"
2577,lorries,{7}
2578,miscreants,{7}
2579,525,{2}
2580,worrying,{3}
2581,french,{7}
2582,belief,{9}
2583,gone,{3}
2584,psyops,{3}
2585,storm,{7}
2586,lowkey,{2}
2587,land,"{2, 3}"
2588,goldsmith,{1}
2589,eus,{2}
2590,exporters,{2}
2591,£43000,{3}
2592,shop,{3}
2593,underreported,{3}
2594,religious,{7}
2595,predicts,{7}
2596,amanda,{8}
2597,union,"{1, 2, 4, 5, 6, 7, 8, 9, 10}"
2598,that,{3}
2599,pilots,{3}
2600,decisive,{2}
2601,licence,{2}
2602,charge,{5}
2603,professions,{2}
2604,turkey,"{3, 7}"
2605,disaffection,{7}
2606,voices,"{5, 7}"
2607,makes,"{8, 2, 3, 4, 7}"
2608,want,"{2, 3, 5, 6, 7, 8, 9}"
2609,briton,{2}
2610,uk,"{1, 2, 3, 4, 5, 6, 7, 8, 9, 10}"
2611,gp,{2}
2612,ofaggregateiq,{3}
2613,if,{8}
2614,scots,{8}
2615,meant,"{9, 2, 5}"
2616,gamed,{3}
2617,cleared,{2}
2618,norway,"{2, 6}"
2619,stays,{2}
2620,mobile,{2}
2621,injury,{2}
2622,promising,{2}
2623,murdoch,{3}
2624,absorbing,{8}
2625,135,{10}
2626,v,"{2, 7}"
2627,twoyear,"{1, 2, 10}"
2628,leader,"{1, 2, 3, 4, 6, 7, 8, 9, 10}"
2629,jakeimage,{2}
2630,even,"{2, 3, 4, 7, 8, 9, 10}"
2631,considerations,{1}
2632,hospitals,{2}
2633,215,{5}
2634,industrialised,{2}
2635,scl,{3}
2636,availability,{1}
2637,analyst,{3}
2638,contributed,"{3, 7}"
2639,nobody,{6}
2640,britishness,{8}
2641,cooperation,"{8, 2, 6}"
2642,highpaying,{8}
2643,syria,{7}
2644,exchequer,"{1, 7}"
2645,work,{3}
2646,head,"{3, 7}"
2647,eligible,{2}
2648,committing,{10}
2649,leave,"{1, 2, 3, 4, 5, 6, 7, 8, 9, 10}"
2650,27,"{2, 5}"
2651,8,{2}
2652,account,"{2, 5}"
2653,merge,"{2, 6}"
2654,books,{3}
2655,degree,{2}
2656,catastrophic,{2}
2657,period4,{5}
2658,pack,"{8, 2}"
2659,infected,{7}
2660,task,{2}
2661,plans,"{1, 2, 3}"
2662,trips,{3}
2663,repressive,{3}
2664,managers,{7}
2665,strong,"{8, 2}"
2666,members,"{2, 3, 4, 5, 7, 8, 9, 10}"
2667,punishment,{7}
2668,leave,{8}
2669,most,{7}
2670,charles,"{8, 1}"
2671,vague,{7}
2672,registration,{2}
2673,adviser,{3}
2674,entities,{3}
2675,april,"{1, 2, 3}"
2676,founded,"{8, 1}"
2677,unrelated,{1}
2678,wider,"{8, 4, 7}"
2679,shows,"{1, 2}"
2680,maintained,{1}
2681,72,{2}
2682,irreconcilable,{7}
2683,payments,"{1, 2, 3, 7}"
2684,ballast,{7}
2685,impressive,{7}
2686,poland,"{2, 7}"
2687,cheapest,{2}
2688,retired,{3}
2689,copyrightthinkstock,{2}
2690,tensions,"{6, 7}"
2691,favour,"{1, 2, 5, 7}"
2692,unexpectedly,{1}
2693,view,"{8, 2, 3, 7}"
2694,broadly,{7}
2695,tunnel,{7}
2696,antibrexit,{7}
2697,maintain,{2}
2698,afterglow,{3}
2699,sure,"{2, 7}"
2700,sainsbury,{2}
2701,idea,"{8, 2, 3, 5, 6}"
2702,westminster,{8}
2703,january,"{1, 2}"
2704,something,"{8, 2, 3, 6, 7}"
2705,edward,"{1, 2}"
2706,seeking,{2}
2707,pro,{1}
2708,door,{2}
2709,vice,{3}
2710,reclaiming,{4}
2711,separate,"{2, 3}"
2712,battle,"{8, 2, 3}"
2713,note,{2}
2714,eec,"{1, 2}"
2715,trump,{3}
2716,latenight,{3}
2717,poorer,"{2, 6, 7}"
2718,buccaneers,{7}
2719,negative,{4}
2720,practice,{5}
2721,labour,"{1, 2, 5, 7, 8, 9}"
2722,nationalists,{7}
2723,death,{8}
2724,exceptions,"{9, 2}"
2725,highly,{3}
2726,centralized,{8}
2727,group,"{1, 2, 3, 4, 6, 8, 9}"
2728,guidelines,{5}
2729,bath,{3}
2730,gay,{2}
2731,already,"{8, 9, 2, 3, 7}"
2732,carolyn,{2}
2733,judged,{7}
2734,466,{2}
2735,common,"{8, 1, 2, 7}"
2736,brussels,{8}
2737,scraped,{3}
2738,london,"{1, 2, 3, 7, 8, 9, 10}"
2739,leaves,"{8, 2, 7}"
2740,johnson,"{1, 2, 5, 7, 9, 10}"
2741,show,"{1, 3, 7}"
2742,actually,"{9, 3, 5}"
2743,collect,{3}
2744,defied,{5}
2745,went,"{9, 2, 3, 5, 6}"
2746,dominic,{3}
2747,discipline,{1}
2748,theres,"{8, 3}"
2749,virus,{7}
2750,realise,{3}
2751,poisonous,{7}
2752,oxfordeducated,{7}
2753,house,"{1, 2, 3, 4, 5, 7}"
2754,ashley,{4}
2755,unelected,{7}
2756,sides,"{8, 2, 7}"
2757,body,"{2, 5}"
2758,left,"{8, 1, 2, 5, 6}"
2759,reveals,{3}
2760,coordination,{3}
2761,quid,{3}
2762,stretches,{3}
2763,third,"{1, 3}"
2764,clinton,{7}
2765,updated,"{1, 10, 5, 9}"
2766,navy,{3}
2767,belleek,{2}
2768,spun,{7}
2769,supreme,"{1, 2, 5}"
2770,restore,{8}
2771,antidemocratic,{3}
2772,deposited,{1}
2773,mrs,"{2, 5, 7}"
2774,throw,{3}
2775,check,{2}
2776,brussels,{7}
2777,would,"{1, 2, 3, 5, 6, 7, 8, 9, 10}"
2778,particularly,{8}
2779,helps,"{2, 3, 4}"
2780,homegrown,{7}
2781,shortages,{2}
2782,mccauley,{3}
2783,contested,{1}
2784,seismic,{7}
2785,council,"{1, 2, 5}"
2786,halfheartedly,{7}
2787,sauce,{3}
2788,repay,{2}
2789,dual,{2}
2790,encourage,{7}
2791,totally,"{2, 6}"
2792,autocomplete,{3}
2793,pronounced,{8}
2794,lacklustre,{9}
2795,1984,{1}
2796,jamie,{3}
2797,disturbing,{3}
2798,executive,"{3, 5}"
2799,suspects,{2}
2800,greater,"{2, 6}"
2801,chance,"{2, 6, 7}"
2802,disappear,{2}
2803,establishment,{3}
2804,lets,"{9, 3}"
2805,columbia,{3}
2806,cent,{5}
2807,rejoin,"{8, 2, 5}"
2808,multinational,{2}
2809,hurdle,{5}
2810,secret,{3}
2811,asked,"{1, 2, 3}"
2812,termed,{4}
2813,include,"{2, 6, 7}"
2814,found,"{8, 10, 2, 3, 7}"
2815,contingency,{1}
2816,moore,{3}
2817,nonstories,{3}
2818,talking,{6}
2819,spending,"{2, 3, 7}"
2820,shall,{5}
2821,euphemism,{2}
2822,california,"{8, 7}"
2823,wants,"{2, 6}"
2824,negotiator,{5}
2825,interpreter,{8}
2826,county,"{1, 2}"
2827,mercers,{3}
2828,likely,"{8, 2, 6}"
2829,clue,{3}
2830,trigger,"{1, 2, 3, 5, 9}"
2831,got,"{2, 3, 5, 7}"
2832,carolina,{3}
2833,emotions,{3}
2834,1985,"{1, 2, 10}"
2835,recording,{3}
2836,spends,{3}
2837,couldnt,"{6, 7}"
2838,mullin,{5}
2839,invoked,"{1, 2, 4, 7}"
2840,labor,"{8, 6}"
2841,savers,{2}
2842,library,{2}
2843,ramifications,{8}
2844,compared,{5}
2845,looser,{7}
2846,cross,"{2, 7}"
2847,possibilities,{2}
2848,wales,"{2, 4}"
2849,must,"{2, 3, 4}"
2850,broadcasting,{2}
2851,earliest,{2}
2852,landmark,"{8, 5}"
2853,abandonment,{8}
2854,entwined,{3}
2855,done,{3}
2856,nationwide,{1}
2857,retire,{2}
2858,ditched,{2}
2859,38,"{1, 2, 10}"
2860,corresponding,{3}
2861,airline,{3}
2862,3,"{8, 10, 5}"
2863,vocal,"{9, 3, 5}"
2864,committee,{3}
2865,thats,"{3, 6}"
2866,romanian,{2}
2867,step,{3}
2868,fantastic,{2}
2869,dee,{2}
2870,arron,"{9, 3}"
2871,pledge,{2}
2872,theyd,{2}
2873,katya,{2}
2874,hornchurch,{2}
2875,propensity,{3}
2876,token,{7}
2877,lock,{2}
2878,cannot,{2}
2879,1910,{1}
2880,stringer,{2}
2881,whats,{3}
2882,suburb,{7}
2883,turmoil,{10}
2884,shaken,{10}
2885,precursor,{1}
2886,initiative,{2}
2887,psychology,{3}
2888,anathema,{7}
2889,prioritize,{8}
2890,single,"{4, 5}"
2891,paperwork,{10}
2892,redistribution,{5}
2893,daytoday,{2}
2894,mps,"{1, 2, 5, 9, 7}"
2895,announced,"{1, 2, 5, 6, 9, 10}"
2896,thousands,"{2, 3}"
2897,£47bn,{2}
2898,price,{2}
2899,shares,"{3, 7}"
2900,urgently,{3}
2901,bus,{9}
2902,children,"{9, 2}"
2903,upside,"{2, 3}"
2904,sale,{2}
2905,yglesias,{6}
2906,simply,"{2, 5}"
2907,least,"{2, 3, 6, 7, 8, 9}"
2908,continuing,"{1, 3}"
2909,deepseated,{1}
2910,twothirds,{1}
2911,build,{3}
2912,flotilla,{8}
2913,procurement,{3}
2914,euros,{2}
2915,reaching,{2}
2916,2015,"{10, 1, 2, 3, 7}"
2917,decisions,"{2, 4, 5}"
2918,breach,{2}
2919,answer,"{2, 3}"
2920,15m,{3}
2921,iq,{3}
2922,cards,{2}
2923,took,"{8, 1, 2, 3, 7}"
2924,shortsighted,{7}
2925,try,"{2, 7}"
2926,constitutional,"{1, 2, 3, 5, 7}"
2927,videos,{3}
2928,mayor,"{1, 10, 9, 7}"
2929,published,"{1, 3, 9}"
2930,stood,{1}
2931,journalists,{2}
2932,metropolitan,{7}
2933,foster,"{2, 6}"
2934,conspiracy,{3}
2935,crash,{6}
2936,meddling,{7}
2937,boatmounted,{8}
2938,selfconfident,{2}
2939,coyly,{3}
2940,differ,{8}
2941,britain,{8}
2942,41,{2}
2943,prohibited,{3}
2944,hooligans,{7}
2945,reversibility,{1}
2946,leadership,"{8, 1, 2, 9}"
2947,abshier,{4}
2948,definition,"{1, 2}"
2949,hed,{3}
2950,poster,{7}
2951,unified,{8}
2952,recession,"{2, 10, 6, 7}"
2953,news,"{8, 2, 3}"
2954,immigrated,{6}
2955,hoare,{2}
2956,sits,{3}
2957,vowed,"{2, 5}"
2958,heres,{3}
2959,making,"{9, 2}"
2960,sadiq,{9}
2961,returning,{2}
2962,forced,"{1, 9, 7}"
2963,applies,{2}
2964,sclcambridge,{3}
2965,considerably,{1}
2966,michel,{5}
2967,morris,{2}
2968,terry,{2}
2969,analytica,{3}
2970,women,{7}
2971,dorset,{2}
2972,announce,{2}
2973,snag,{2}
2974,blasted,{8}
2975,public,"{1, 2, 3, 4, 7, 8, 9}"
2976,catastrophe,{2}
2977,cheat,{3}
2978,uncertainty,"{8, 10, 4}"
2979,blocking,"{1, 2}"
2980,answers,{2}
2981,unites,{7}
2982,rate,"{1, 2}"
2983,reversible,{1}
2984,similar,"{8, 2, 7}"
2985,emergency,"{2, 7}"
2986,sturgeon,"{8, 2, 7}"
2987,renewable,{2}
2988,relations,"{8, 6}"
2989,demand,{7}
2990,mays,{3}
2991,34000,{2}
2992,kensington,{3}
2993,formed,"{1, 2, 3, 6, 9}"
2994,hebrides,{1}
2995,oneill,{7}
2996,albright,{3}
2997,comprehensive,{1}
2998,station,"{9, 2}"
2999,guys,{3}
3000,fuels,"{2, 4}"
3001,fellow,"{8, 9, 7}"
3002,latin,"{8, 7}"
3003,given,"{2, 3, 5, 6, 8, 9}"
3004,billions,{2}
3005,sensationally,{5}
3006,28nation,"{8, 7}"
3007,card,"{2, 7}"
3008,control,"{8, 7}"
3009,europe,{8}
3010,deposit,{1}
3011,used,"{2, 3, 4, 5, 6, 7, 8, 9}"
3012,harnessed,{3}
3013,menus,{8}
3014,kenya,{3}
3015,initiatives,{4}
3016,thus,{10}
3017,intervention,{2}
3018,jobless,{7}
3019,remain,"{1, 2, 3, 5, 6, 7, 8, 9, 10}"
3020,planned,{2}
3021,ignored,"{9, 2}"
3022,freed,{7}
3023,agree,"{8, 2, 6}"
3024,brazilians,{7}
3025,ruling,"{1, 2, 3, 5}"
3026,lloyd,{2}
3027,fast,{3}
3028,instrument,{1}
3029,pointing,{3}
3030,events,"{8, 1, 3}"
3031,tombs,{8}
3032,putin,{8}
3033,fundamental,{3}
3034,gaulle,{1}
3035,5,"{8, 1}"
3036,expanding,{6}
3037,streams,{7}
3038,decision,"{2, 4, 5, 6, 7, 8, 9}"
3039,denied,{3}
3040,providing,{1}
3041,intogether,{1}
3042,flowers,{8}
3043,2020,{2}
3044,depending,{10}
3045,minimum,"{2, 10, 7}"
3046,seven,"{8, 1, 7}"
3047,badly,{8}
3048,veterans,{3}
3049,keep,"{2, 6, 7}"
3050,lowest,"{8, 10}"
3051,unravelling,{3}
3052,sent,"{8, 2, 3, 7}"
3053,concerns,{8}
3054,parties,"{1, 2, 3, 7, 8, 10}"
3055,three,"{1, 2, 3, 9}"
3056,departure,"{1, 2, 4, 6}"
3057,connection,{3}
3058,trust,"{8, 2, 3}"
3059,tend,{2}
3060,desertion,{7}
3061,lithuania,"{2, 3}"
3062,quits,{2}
3063,openly,{2}
3064,spokesperson,{3}
3065,frames,{3}
3066,mogul,{2}
3067,millions,{2}
3068,electoral,"{1, 3}"
3069,visits,{2}
3070,issues,{3}
3071,closed,{2}
3072,big,"{10, 2, 3, 6, 7}"
3073,language,"{2, 3}"
3074,ask,"{2, 3, 6}"
3075,maybe,{2}
3076,tempted,{2}
3077,former,"{1, 2, 3, 5, 7, 10}"
3078,constituency,{7}
3079,permits,{4}
3080,comparative,{8}
3081,disparate,{3}
3082,bookimage,{2}
3083,entitles,{2}
3084,hes,{3}
3085,employs,{4}
3086,yoked,{6}
3087,1967,{1}
3088,duties,{1}
3089,square,{2}
3090,leftwing,{7}
3091,happy,{2}
3092,notoriety,{3}
3093,partys,{2}
3094,alasdair,{2}
3095,turnout,"{1, 2, 5}"
3096,necessary,"{8, 2}"
3097,run,"{8, 2, 3, 5, 7}"
3098,europhile,{2}
3099,timothy,"{10, 6}"
3100,copyrightreuters,{2}
3101,referendum,"{1, 2, 3, 4, 5, 6, 7, 8, 9, 10}"
3102,depends,{2}
3103,level,"{2, 10}"
3104,arguing,"{2, 5}"
3105,ems,{1}
3106,vast,{3}
3107,however,"{8, 1, 2, 5, 9}"
3108,monday,{5}
3109,warns,"{8, 7}"
3110,asi,{3}
3111,fake,{3}
3112,cheaper,{2}
3113,helping,{2}
3114,seek,"{1, 2}"
3115,mission,{3}
3116,announcing,"{2, 5}"
3117,overseas,"{2, 3}"
3118,imported,{2}
3119,passports,{2}
3120,hundred,{2}
3121,flotillas,{8}
3122,burdens,{8}
3123,imports,{2}
3124,real,"{2, 7}"
3125,offshore,{3}
3126,wylie,{3}
3127,alteration,{5}
3128,cornerstone,{7}
3129,special,"{2, 3, 5}"
3130,personal,{7}
3131,sought,{1}
3132,approval,"{1, 2, 5}"
3133,stretch,{3}
3134,mystery,{3}
3135,care,{2}
3136,hurt,"{8, 6}"
3137,proposed,{1}
3138,joint,{3}
3139,hold,"{8, 1, 2, 3}"
3140,persistent,{7}
3141,julynovember,{1}
3142,£350000,{2}
3143,euwide,"{1, 2}"
3144,residence,{2}
3145,kick,{7}
3146,reddit,{9}
3147,list,{2}
3148,douglas,{2}
3149,blue,{2}
3150,worlds,{2}
3151,clearly,"{2, 3, 7}"
3152,de,{1}
3153,area,"{8, 2}"
3154,businesses,{2}
3155,disappearance,{2}
3156,were,{8}
3157,beyond,{3}
3158,process,"{1, 2, 3, 4, 5, 6, 10}"
3159,cabinet,"{1, 2, 5, 9, 7}"
3160,aggregateiq,{3}
3161,dictators,{7}
3162,steel,{6}
3163,indicated,{7}
3164,holiday,"{2, 7}"
3165,1979,{1}
3166,wednesday,"{8, 1, 7}"
3167,brian,"{8, 2}"
3168,sheer,{7}
3169,raising,{2}
3170,£21bn,{2}
3171,tourism,{2}
3172,hostility,{1}
3173,actual,{3}
3174,flood,{7}
3175,unseasonal,{7}
3176,£46bn,{2}
3177,relate,{2}
3178,white,"{3, 5, 7}"
3179,human,{2}
3180,thatchers,{7}
3181,theory,"{2, 7}"
3182,speakers,{8}
3183,presidential,"{5, 7}"
3184,smooth,{7}
3185,darling,{9}
3186,swings,{1}
3187,along,"{8, 2}"
3188,approaching,{8}
3189,safer,{9}
3190,wilders,{1}
3191,naler,{3}
3192,agriculture,"{1, 10}"
3193,shapes,{3}
3194,experts,{7}
3195,urban,{8}
3196,cruzs,{3}
3197,deployed,{7}
3198,play,"{8, 2, 3, 5}"
3199,16,{2}
3200,certain,{3}
3201,representing,{5}
3202,continent,{8}
3203,character,{8}
3204,special,{3}
3205,sussex,{2}
3206,jobs,"{8, 2, 10, 6, 7}"
3207,transportation,{4}
3208,french,"{1, 2, 6, 7}"
3209,reflects,{8}
3210,rests,{3}
3211,reserve,{8}
3212,treasurer,{2}
3213,pioneer,{3}
3214,fanciful,{2}
3215,correspondent,"{2, 7}"
3216,professor,"{1, 3}"
3217,christopher,{3}
3218,everything,{3}
3219,1973,"{8, 1, 10, 9}"
3220,saying,"{2, 3}"
3221,expats,{2}
3222,win,"{1, 2, 3, 5, 7}"
3223,saw,"{9, 5}"
3224,secular,{7}
3225,chaos,"{9, 6}"
3226,suspended,{2}
3227,caps,{3}
3228,primary,"{2, 3, 4}"
3229,mp,"{2, 3, 5, 7}"
3230,caught,{3}
3231,antielitist,{7}
3232,signature,{5}
3233,exmember,{7}
3234,youd,{2}
3235,47,"{9, 2}"
3236,travelling,{2}
3237,hes,{2}
3238,hangzhou,{2}
3239,merely,{5}
3240,class,{8}
3241,pertains,{4}
3242,startup,{3}
3243,postcommunist,{6}
3244,it,{7}
3245,schengen,{8}
3246,begin,"{9, 5}"
3247,governments,"{1, 2, 3}"
3248,g20,{2}
3249,selling,"{2, 6}"
3250,£114000,{3}
3251,valleys,{3}
3252,robbery,{3}
3253,writing,"{9, 3}"
3254,banned,{8}
3255,options,"{3, 7}"
3256,mere,{8}
3257,khan,{9}
3258,criteria,{2}
3259,repealing,{2}
3260,bloc,"{8, 2, 7}"
3261,schmidt,{3}
3262,its,"{8, 3}"
3263,adults,{7}
3264,adler,{2}
3265,allowing,"{2, 5, 6}"
3266,goal,"{2, 3}"
3267,2400,{3}
3268,covert,{3}
3269,requires,"{9, 2, 7}"
3270,everyones,{2}
3271,insurrectionist,{2}
3272,£71000,{3}
3273,rural,{7}
3274,tops,{2}
3275,elections,"{1, 2, 3}"
3276,future,"{1, 2, 3, 4, 5, 6, 7, 8, 9}"
3277,places,"{2, 3}"
3278,africa,{7}
3279,exports,"{2, 7}"
3280,feeds,{7}
3281,intelligence,{3}
3282,eaton,{2}
3283,infographic,{3}
3284,administrative,{1}
3285,benefit,"{2, 4, 7}"
3286,tribe,{7}
3287,enough,"{8, 9, 2, 7}"
3288,banks,{10}
3289,amended,"{2, 3}"
3290,strange,"{3, 7}"
3291,fein,{2}
3292,nodes,{3}
3293,trusted,{3}
3294,overrule,{2}
3295,insurance,"{2, 3}"
3296,us,"{3, 7}"
3297,should,{8}
3298,empire,{3}
3299,commentators,{9}
3300,millar,{3}
3301,wrinkle,{2}
3302,shed,{3}
3303,movie,{7}
3304,commissioners,{3}
3305,conservation,{2}
3306,quickie,{7}
3307,301048,{1}
3308,treaty,"{1, 2, 5, 7}"
3309,swarm,{8}
3310,table,{2}
3311,legislation,"{2, 5}"
3312,administrations,{3}
3313,union,{8}
3314,1980,{1}
3315,signed,"{1, 2, 3, 5}"
3316,crises,"{8, 10}"
3317,understanding,"{3, 4}"
3318,europes,"{8, 10, 7}"
3319,tone,{7}
3320,student,{3}
3321,sparked,{7}
3322,school,{8}
3323,brussels,"{8, 2, 7}"
3324,bbcs,{2}
3325,dramatic,{1}
3326,successful,"{1, 3}"
3327,commitment,"{1, 2}"
3328,calling,"{8, 1, 2, 9, 7}"
3329,ireland,"{9, 2, 3, 4, 7}"
3330,denmarks,{2}
3331,deep,"{8, 1, 3, 7}"
3332,lower,"{8, 2}"
3333,cruddas,{2}
3334,dr,{3}
3335,cummings,{3}
3336,barnier,{5}
3337,rejected,"{8, 1, 2, 7}"
3338,replace,"{10, 2, 3}"
3339,dispute,{2}
3340,fruen,{5}
3341,trumps,{3}
3342,possibility,"{8, 1, 3, 9}"
3343,fund,"{9, 2, 3, 7}"
3344,contains,{2}
3345,attorney,{5}
3346,swiss,{7}
3347,visit,"{8, 2}"
3348,worth,{2}
3349,barry,{2}
3350,do,{7}
3351,172,{9}
3352,lax,{7}
3353,canada,{3}
3354,issues,"{8, 1, 2, 6}"
3355,elderly,{2}
3356,schmidt,{3}
3357,today,"{6, 7}"
3358,processing,{3}
3359,reproducing,{2}
3360,fully,"{2, 6}"
3361,remade,{3}
3362,doesnt,"{8, 3, 6, 7}"
3363,quickly,{8}
3364,senseless,{7}
3365,philosophy,{3}
3366,well,"{1, 2, 3, 4, 5, 7, 8, 9, 10}"
3367,closing,{2}
3368,fashionable,{3}
3369,ii,{6}
3370,oxford,{7}
3371,opted,"{1, 2, 7}"
3372,machine,{3}
3373,1957,"{8, 1, 2}"
3374,carmakers,{6}
3375,acknowledging,{3}
3376,deindustrialized,{7}
3377,519,"{1, 2}"
3378,terms,"{1, 2, 3, 5, 6, 7, 10}"
3379,tactical,{1}
3380,approached,{3}
3381,didnt,"{2, 6}"
3382,silent,"{8, 1}"
3383,economics,{8}
3384,music,{2}
3385,kerr,{1}
3386,democratic,"{3, 5}"
3387,scandal,"{3, 7}"
3388,wealthier,{6}
3389,suggested,"{8, 1, 2, 3, 9}"
3390,johnston,{2}
3391,stronger,"{1, 2, 9}"
3392,separates,{4}
3393,commented,{1}
3394,spent,"{2, 3, 7}"
3395,totalling,{2}
3396,reach,{2}
3397,shes,{3}
3398,population,"{3, 6}"
3399,overnight,{2}
3400,wigmore,{3}
3401,bristol,{3}
3402,complications,{5}
3403,exchange,{1}
3404,objected,{2}
3405,predictions,"{2, 7}"
3406,filter,{3}
3407,imagined,{7}
3408,1970s,{1}
3409,starting,"{1, 2, 6}"
3410,alliance,"{2, 4}"
3411,ca,{3}
3412,wonderful,{5}
3413,little,"{8, 2}"
3414,sending,{3}
3415,polish,{7}
3416,theyve,{2}
3417,mainstream,"{8, 1, 2, 3}"
3418,camp,{7}
3419,washington,{7}
3420,assertions,{7}
3421,criticism,{4}
3422,tended,{2}
3423,refusal,{1}
3424,protocol,{2}
3425,unfettered,{3}
3426,defines,{2}
3427,main,"{1, 2, 4, 6, 7, 8}"
3428,rules,"{1, 2, 3, 5, 6, 7, 10}"
3429,people,"{1, 2, 3, 4, 5, 6, 7, 8, 9, 10}"
3430,implications,"{8, 10, 2, 3, 6}"
3431,straddle,{2}
3432,associate,{3}
3433,percent,"{8, 10, 6}"
3434,cooperations,{6}
3435,11,{2}
3436,relative,{8}
3437,commonly,{1}
3438,permit,{2}
3439,possible,"{1, 2, 3, 6}"
3440,unions,{8}
3441,finding,{3}
3442,eu,"{1, 2, 3, 4, 5, 6, 7, 8, 9, 10}"
3443,start,"{2, 5, 6, 7}"
3444,agreed,"{1, 2, 3, 5}"
3445,driving,"{2, 6}"
3446,knew,{3}
3447,cast,"{1, 2, 3}"
3448,talk,"{2, 3, 5}"
3449,conversely,{1}
3450,generation,{5}
3451,oliverepa,{7}
3452,attempted,{9}
3453,margaret,"{1, 2, 7}"
3454,regional,"{2, 7}"
3455,construction,{2}
3456,gove,"{9, 2, 7}"
3457,unknown,{2}
3458,synonymous,{3}
3459,22,{1}
3460,pound,"{1, 2, 5, 8, 9, 10}"
3461,recorded,{3}
3462,introduce,{2}
3463,neuroticism,{3}
3464,considers,{2}
3465,declined,"{2, 3}"
3466,convincing,{7}
3467,cities,{9}
3468,desire,{1}
3469,extend,"{2, 5}"
3470,protected,{2}
3471,manuel,{2}
3472,assent,{5}
3473,firm,"{2, 3}"
3474,spawn,{8}
3475,euro,"{8, 1, 2, 4, 7}"
3476,migrants,"{8, 7}"
3477,directive,"{1, 2}"
3478,favorable,{8}
3479,£757750,{3}
3480,restricting,{1}
3481,expertise,{3}
3482,advocating,{9}
3483,untrue,{9}
3484,trinidad,{3}
3485,causing,"{10, 6}"
3486,restrain,{7}
3487,value,"{9, 2, 10, 5}"
3488,datamining,{3}
3489,emailed,{3}
3490,tends,{2}
3491,promises,{8}
3492,481,"{1, 2}"
3493,discriminated,{2}
3494,revenue,"{2, 6}"
3495,aside,{2}
3496,war,{3}
3497,magnate,{2}
3498,gaping,{3}
3499,amassed,{3}
3500,sold,{3}
3501,funnily,{2}
3502,fielded,{1}
3503,distorts,{3}
3504,pentagon,{3}
3505,first,"{1, 2, 3, 4, 5, 6, 7, 8}"
3506,graysuited,{8}
3507,deciding,"{1, 10}"
3508,flags,"{2, 7}"
3509,insights,{3}
3510,radical,{3}
3511,friday,"{2, 10}"
3512,guides,{9}
3513,implied,{8}
3514,james,"{1, 3}"
3515,federal,{8}
3516,goves,{9}
3517,forty,{7}
3518,pulled,{2}
3519,aggregateiqs,{3}
3520,seize,{3}
3521,day,"{8, 1, 2, 3}"
3522,query,{2}
3523,standoff,{5}
3524,evans,{2}
3525,strikes,{3}
3526,sdp,{2}
3527,messages,{3}
3528,factor,{1}
3529,norwegian,{7}
3530,antielite,{8}
3531,batches,{2}
3532,£3,{1}
3533,meetings,{3}
3534,accession,"{1, 2}"
3535,aspects,"{1, 9}"
3536,signsimage,{2}
3537,tariffs,{2}
3538,ran,"{2, 3}"
3539,facebook,"{9, 3, 5, 7}"
3540,governed,{1}
3541,tim,{1}
3542,partisanship,{3}
3543,grievances,{7}
3544,counterbalance,{8}
3545,hospital,"{9, 2}"
3546,either,"{8, 9, 2, 7}"
3547,frustrating,{3}
3548,showing,"{2, 3, 7}"
3549,referendums,"{2, 7}"
3550,partnership,"{2, 3, 5}"
3551,meaning,{2}
3552,basics,{2}
3553,failing,"{2, 5}"
3554,immigrationrace,{6}
3555,especially,"{1, 6, 9}"
3556,prize,{3}
3557,investment,"{8, 2, 7}"
3558,coalition,"{2, 7}"
3559,scruple,{7}
3560,diverse,{8}
3561,aleksandr,{3}
3562,reporters,{7}
3563,paypal,{3}
3564,binding,"{2, 4}"
3565,stay,"{8, 1, 2, 3, 7}"
3566,stability,{2}
3567,negotiate,"{1, 2, 4, 5, 6, 10}"
3568,crazy,{3}
3569,exempt,{2}
3570,bad,"{8, 2, 6}"
3571,ebu,{2}
3572,vanished,{3}
3573,darren,{3}
3574,hope,{5}
3575,true,"{9, 7}"
3576,1510,{7}
3577,£75m,{3}
3578,watered,{7}
3579,fit,{3}
3580,board,"{3, 7}"
3581,months,{5}
3582,opposition,"{8, 1, 2}"
3583,council,{3}
3584,inefficient,{6}
3585,mercers,{3}
3586,need,"{1, 2, 3, 5, 6, 7}"
3587,harder,{10}
3588,boris,"{1, 2, 5, 7, 9, 10}"
3589,option,"{1, 2}"
3590,storms,{7}
3591,major,"{1, 3, 9}"
3592,peerreviewed,{3}
3593,getty,{8}
3594,mainly,"{1, 2}"
3595,spirits,{7}
3596,remote,{7}
3597,details,"{2, 3}"
3598,successor,{10}
3599,data,{3}
3600,entire,"{8, 2, 3}"
3601,201516,{7}
3602,pioneering,{3}
3603,intern,{3}
3604,complete,"{2, 3}"
3605,dog,{7}
3606,workers,"{8, 1, 2, 7}"
3607,mother,{9}
3608,established,"{3, 4}"
3609,vacuum,{2}
3610,ever,"{1, 2, 3, 5}"
3611,measures,{2}
3612,signing,{2}
3613,irritates,{2}
3614,writers,{2}
3615,ourelectoral,{3}
3616,physicists,{3}
3617,germanys,{7}
3618,supporter,"{10, 2, 3, 5}"
3619,fell,"{10, 5, 6}"
3620,donations,"{2, 3}"
3621,£10bn,{2}
3622,work,{3}
3623,find,"{9, 2, 3, 6}"
3624,b,"{10, 6}"
3625,enjoyable,{2}
3626,invest,{3}
3627,initial,{9}
3628,earlier,"{2, 3, 6}"
3629,discourse,{7}
3630,veronique,{2}
3631,handful,"{2, 3}"
3632,circumstances,{7}
3633,melaugh,{3}
3634,click,"{2, 5}"
3635,pit,{7}
3636,skyrocketed,{6}
3637,part,"{2, 3, 4, 6, 7, 8, 9}"
3638,property,"{2, 3}"
3639,effort,{9}
3640,security,"{8, 1, 2, 3, 4}"
3641,ambassador,"{1, 5}"
3642,iceland,{2}
3643,transatlantic,"{2, 3}"
3644,consensus,{8}
3645,stops,{2}
3646,emails,{3}
3647,transport,"{1, 2}"
3648,without,"{1, 2, 3, 4, 5, 6, 7, 8}"
3649,bind,"{3, 6}"
3650,britons,"{8, 2, 10, 7}"
3651,inherited,{2}
3652,mortgages,{2}
3653,slightly,{7}
3654,popularity,{9}
3655,electronics,{2}
3656,547,{1}
3657,notify,"{2, 5}"
3658,regains,{2}
3659,pages,{3}
3660,service,"{3, 4}"
3661,rubbished,{9}
3662,marconi,{3}
3663,individual,"{8, 2, 3}"
3664,resignation,"{1, 10, 5, 6, 9}"
3665,fryer,{2}
3666,charming,{7}
3667,returns,{3}
3668,selfinterest,{8}
3669,ballot,{7}
3670,parliament3,{5}
3671,investor,{3}
3672,rejoining,{2}
3673,pledging,{7}
3674,tatham,{3}
3675,cover,"{10, 2, 3}"
3676,legally,"{2, 3, 4, 6}"
3677,laid,{3}
3678,country,"{1, 2, 3, 4, 5, 6, 7, 8, 9, 10}"
3679,carry,{2}
3680,traveled,{9}
3681,derided,{9}
3682,everyone,"{2, 3, 6, 7}"
3683,regulated,{7}
3684,plutocracy,{3}
3685,greenland,{2}
3686,immediate,"{1, 2}"
3687,germ,{3}
3688,nickname,{8}
3689,decidedly,{7}
3690,aiq,{3}
3691,hard,"{2, 5, 6, 7}"
3692,team,"{2, 3, 7}"
3693,euroskeptical,{10}
3694,greek,"{8, 9, 2, 7}"
3695,identifying,{3}
3696,definite,{2}
3697,minister,"{1, 2, 3, 4, 5, 6, 7, 8, 9, 10}"
3698,much,"{8, 2, 3, 6, 7}"
3699,acquired,"{3, 7}"
3700,psychological,{3}
3701,cartoon,{6}
3702,direction,{9}
3703,single,"{1, 2, 3, 4, 5, 7, 9}"
3704,amidst,{4}
3705,legend,{7}
3706,consumers,{2}
3707,boom,{7}
3708,viewing,{7}
3709,£300000,{2}
3710,loopholes,{3}
3711,brave,{3}
3712,hours,"{9, 2, 5}"
3713,sense,"{8, 6, 7}"
3714,militarys,{3}
3715,presenting,{3}
3716,faith,{5}
3717,literal,{7}
3718,hes,"{8, 3}"
3719,wary,"{8, 7}"
3720,presumably,{2}
3721,seen,"{2, 3, 7}"
3722,rose,"{1, 2, 6}"
3723,worse,"{8, 7}"
3724,important,"{8, 2, 3, 5, 6}"
3725,ecosystem,{3}
3726,series,{10}
3727,erm,{1}
3728,others,"{1, 2, 3, 9}"
3729,needs,"{2, 4, 5, 7}"
3730,treat,{2}
3731,just,{3}
3732,yes,{3}
3733,headed,"{2, 5}"
3734,analytics,{3}
3735,living,"{10, 2, 3, 5}"
3736,propaganda,{3}
3737,bring,"{8, 2, 3}"
3738,names,{3}
3739,2011,{1}
3740,done,"{8, 2, 3}"
3741,fear,"{2, 7}"
3742,less,"{8, 9, 2, 6, 7}"
3743,brief,{3}
3744,committed,{2}
3745,entered,{1}
3746,rechanneled,{3}
3747,interference,{3}
3748,tirade,{3}
3749,veers,{8}
3750,projects,"{2, 4}"
3751,citizen,"{2, 3}"
3752,unacceptable,{2}
3753,defence,"{2, 3}"
3754,red,"{1, 2}"
3755,offered,{7}
3756,crude,{7}
3757,function,{4}
3758,kept,"{8, 3}"
3759,others,{3}
3760,obscuring,{3}
3761,recruited,{3}
3762,villages,"{2, 7}"
3763,threats,"{8, 3}"
3764,atmimage,{2}
3765,agein,{4}
3766,sustainable,{2}
3767,lead,"{8, 1, 2, 3, 10}"
3768,general,"{1, 2, 3, 5, 7}"
3769,funds,"{3, 7}"
3770,noneu,{2}
3771,system,"{1, 2, 4}"
3772,mays,{2}
3773,bluecollar,{7}
3774,parochial,{7}
3775,paneuropean,{1}
3776,resign,"{1, 9}"
3777,hearts,{7}
3778,propaganda,{3}
3779,zack,{6}
3780,life,{7}
3781,brexiteers,"{2, 7}"
3782,confirmed,{9}
3783,take,"{2, 3, 4, 5, 6, 7, 8, 9, 10}"
3784,photograph,"{3, 7}"
3785,controversy,"{2, 7}"
3786,coordination,{3}
3787,speculation,{7}
3788,sanders,{7}
3789,aspect,"{8, 3, 4}"
3790,front,"{2, 3}"
3791,international,"{8, 2, 3, 5, 7}"
3792,insisted,{2}
3793,good,"{8, 2, 3}"
3794,this,"{8, 3, 7}"
3795,slim,{6}
3796,cardygetty,{7}
3797,plumber,{7}
3798,whos,{3}
3799,sales,{2}
3800,dangerous,{7}
3801,looming,"{2, 6}"
3802,hurdles,{4}
3803,tours,{8}
3804,pension,{2}
3805,map,"{3, 7}"
3806,significantly,"{8, 2, 6}"
3807,lee,"{2, 6}"
3808,strategies,{3}
3809,ebay,{3}
3810,profoundly,{3}
3811,painted,{8}
3812,corner,{3}
3813,arrizabalagaepa,{7}
3814,burden,{7}
3815,going,"{2, 3, 5}"
3816,assembly,{2}
3817,45,{6}
3818,tie,{2}
3819,undemocratic,"{2, 3}"
3820,arrivals,{2}
3821,understood,{3}
3822,standards,"{2, 6, 7}"
3823,florida,{8}
3824,breitbart,{3}
3825,brexit,"{1, 2, 3, 4, 5, 6, 7, 8, 9, 10}"
3826,humiliation,{5}
3827,migrate,{6}
3828,growth,"{8, 2}"
3829,though,"{8, 2, 3, 5, 7}"
3830,whole,"{2, 3, 7}"
3831,them,{3}
3832,eagle,{2}
3833,appeared,{2}
3834,vicepresident,{3}
3835,tide,{7}
3836,countries,"{1, 2, 3, 4, 5, 6, 7, 8, 10}"
3837,charismatic,{7}
3838,toys,{8}
3839,stuart,"{1, 2, 5}"
3840,large,"{9, 2, 3, 6}"
3841,exploiting,{3}
3842,gap,{2}
3843,309yearold,{7}
3844,capacity,{3}
3845,pressure,"{1, 2}"
3846,boosted,{2}
3847,target,"{3, 6}"
3848,scottish,"{9, 2, 7}"
3849,subjects,{2}
3850,messed,{3}
3851,harvest,{3}
3852,sir,{1}
3853,coincidence,{3}
3854,revision,{1}
3855,pivotal,{3}
3856,painful,{6}
3857,certainties,{7}
3858,¬,{9}
3859,effect,"{8, 1, 3}"
3860,believed,"{10, 9, 2, 3}"
3861,one,"{1, 2, 3, 4, 6, 7, 8, 9, 10}"
3862,gathered,{9}
3863,paved,{5}
3864,absolute,"{2, 3}"
3865,hang,{7}
3866,find,{3}
3867,2008,{6}
3868,societies,{7}
3869,facundo,{7}
3870,historical,"{1, 2}"
3871,private,"{2, 3}"
3872,apassociated,{5}
3873,7,{8}
3874,losing,{8}
3875,regulations,"{8, 2}"
3876,signatures,{1}
3877,principles,{2}
3878,sovereignty,"{8, 3}"
3879,bullshit,{3}
3880,offer,{3}
3881,developing,{3}
3882,increasingly,"{8, 1, 2, 3}"
3883,agricultural,{2}
3884,row,{2}
3885,staying,"{8, 1, 2, 4}"
3886,open,"{1, 2, 3, 4, 7, 8, 9}"
3887,50,"{1, 2, 3, 4, 5, 9}"
3888,reservations,{1}
3889,strongest,{1}
3890,eg,{1}
3891,essentially,"{6, 7}"
3892,uneasy,{7}
3893,based,"{2, 3}"
3894,contributions,{2}
3895,stayed,{8}
3896,permanent,"{1, 2, 3}"
3897,movement,"{1, 2, 4, 9, 7}"
3898,475,{2}
3899,approve,"{2, 5}"
3900,michael,"{9, 2, 7}"
3901,tying,{3}
3902,called,"{1, 2, 3, 7, 8, 9}"
3903,taxes,{7}
3904,unsuccessful,{1}
3905,leaves,"{3, 7}"
3906,alter,{8}
3907,gains,{10}
3908,guarded,{3}
3909,fallen,"{8, 2}"
3910,ehic,{2}
3911,spanish,{2}
3912,euroscepticism,"{1, 2, 7}"
3913,trend,{6}
3914,sensitive,{7}
3915,tangible,{2}
3916,narrowly,{8}
3917,explains,{7}
3918,back,"{2, 3, 5, 7}"
3919,support,"{1, 2, 3, 5, 8, 9}"
3920,understands,{2}
3921,1821,{7}
3922,streets,{7}
3923,industrial,{7}
3924,affected,"{8, 1, 2}"
3925,expediency,{7}
3926,nancy,{2}
3927,stable,{7}
3928,required,"{2, 7}"
3929,irelands,{2}
3930,latvia,"{2, 3}"
3931,standardised,{2}
3932,qatada,{2}
3933,comply,{2}
3934,echr,"{1, 2}"
3935,renegotiation,"{1, 9}"
3936,law,"{1, 2, 3, 5}"
3937,rivals,{2}
3938,built,{3}
3939,request,{5}
3940,scheduled,{2}
3941,situation,{3}
3942,permission,"{1, 2, 3}"
3943,read,"{2, 3, 7}"
3944,reciprocal,{2}
3945,work,"{2, 3, 6, 7, 8, 10}"
3946,legal,"{2, 3, 4}"
3947,thomson,{3}
3948,ranged,{7}
3949,49,{5}
3950,reliable,{8}
3951,colleague,{6}
3952,respectable,{7}
3953,deplored,{7}
3954,change,"{8, 2, 3, 6, 7}"
3955,automatically,{2}
3956,proeurope,{8}
3957,megafirm,{3}
3958,costs,"{2, 3}"
3959,sips,{8}
3960,appealing,{6}
3961,stump,{7}
3962,appearance,{8}
3963,statement,{4}
3964,perhaps,"{8, 2}"
3965,tempting,{3}
3966,exempting,{1}
3967,poole,{2}
3968,focused,{3}
3969,employed,{3}
3970,annual,"{9, 2, 3}"
3971,resentment,{7}
3972,charismalite,{7}
3973,criticisms,{3}
3974,sentiment,{3}
3975,changing,{3}
3976,justiceimage,{2}
3977,miller,"{1, 2, 3}"
3978,messages,"{2, 3}"
3979,prospects,{2}
3980,including,"{1, 2, 3, 5, 6, 7, 8, 9, 10}"
3981,objective,{3}
3982,fed,{7}
3983,floods,{7}
3984,8,{7}
3985,malaise,{7}
3986,rates,"{8, 2, 7}"
3987,produce,{2}
3988,precedents,{2}
3989,euroskepticism,{8}
3990,followed,"{8, 1, 2, 6, 7}"
3991,declare,{2}
3992,tribunal,{3}
3993,agencies,{3}
3994,fleet,{7}
3995,nationals,"{2, 10, 5}"
3996,needed,"{1, 2, 3, 5, 6, 8}"
3997,donation,{2}
3998,sour,{7}
3999,knows,"{2, 6, 7}"
4000,negotiation,"{1, 2, 5}"
4001,critical,{3}
4002,traitors,{8}
4003,via,"{2, 3, 6}"
4004,unstuck,{8}
4005,wwii,{6}
4006,wellbehaved,{7}
4007,concerning,{5}
4008,introduction,"{3, 5}"
4009,favoured,{1}
4010,nuclear,{2}
4011,exist,"{3, 6}"
4012,completely,{5}
4013,,{7}
4014,wars,{7}
4015,roddiseuropean,{8}
4016,functioning,"{1, 5}"
4017,explain,{9}
4018,honest,{2}
4019,2009,"{1, 2, 5}"
4020,expect,"{1, 2}"
4021,create,"{2, 10}"
4022,crack,{8}
4023,national,"{1, 2, 3, 7, 8, 9}"
4024,cameron,"{1, 2, 4, 5, 6, 7, 8, 9, 10}"
4025,grants,{2}
4026,expected,"{1, 2, 5, 9}"
4027,mphil,{3}
4028,competent,{3}
4029,cant,{2}
4030,shetland,{1}
4031,elites,{7}
4032,per,{5}
4033,12000,{2}
4034,dividends,{7}
4035,delivering,{3}
4036,badtempered,{7}
4037,confidence,"{8, 1, 10}"
4038,framework,{5}
4039,healthy,{2}
4040,ged,{2}
4041,practically,{3}
4042,partys,"{9, 4, 5}"
4043,wouldnt,{6}
4044,quinn,{2}
4045,ttip,{2}
4046,efforts,{2}
4047,qc,"{3, 5}"
4048,triggering,"{2, 5}"
4049,remains,"{8, 1, 2, 9}"
4050,wing,"{9, 2, 7}"
4051,calais,{7}
4052,richard,{9}
4053,advanced,{3}
4054,lawson,{2}
4055,supporters,"{8, 2, 3, 4}"
4056,speculators,{1}
4057,temporary,{2}
4058,contacts,{3}
4059,evident,{3}
4060,cooperating,{2}
4061,breaks,{2}
4062,predict,{7}
4063,kogan,{3}
4064,gillian,{2}
4065,face,{3}
4066,torture,{3}
4067,lords,"{2, 5}"
4068,abu,{2}
4069,crime,{3}
4070,1983,{1}
4071,roughly,{3}
4072,tells,{3}
4073,putin,{7}
4074,night,{5}
4075,owns,{3}
4076,sally,{2}
4077,angerergetty,{3}
4078,we,"{9, 3}"
4079,29th,{5}
4080,stores,{2}
4081,1975,"{1, 7}"
4082,ecj,{2}
4083,alternative,"{2, 3}"
4084,pharmaceutical,{6}
4085,nato,"{2, 3, 7}"
4086,pace,{9}
4087,formally,{4}
4088,bannon,{3}
4089,bringing,{3}
4090,currency,"{8, 1, 2, 4, 5}"
4091,decreased,{8}
4092,alien,{8}
4093,gets,"{2, 6}"
4094,morning,"{1, 10, 3, 9}"
4095,vote,"{1, 2, 3, 4, 5, 6, 7, 8, 9, 10}"
4096,counts,{2}
4097,correlate,{1}
4098,opt,{2}
4099,ministers,"{1, 3, 5}"
4100,unlocked,{3}
4101,save,"{8, 2}"
4102,article,"{1, 2, 3, 4, 5, 9}"
4103,early,"{9, 3, 4}"
4104,described,{3}
4105,scientist,{3}
4106,storyshare,{8}
4107,completed,{2}
4108,afterwards,{1}
4109,participating,{2}
4110,report,"{2, 3}"
4111,illustration,{3}
4112,untoward,{3}
4113,threw,{5}
4114,fractious,{9}
4115,rolling,{2}
4116,opportunity,"{8, 2}"
4117,buytolet,{2}
4118,granted,{2}
4119,undersecretary,{3}
4120,plates,{2}
4121,rallies,{9}
4122,basically,{2}
4123,phase,{2}
4124,postexit,{10}
4125,voluntary,{2}
4126,contracts,{3}
4127,role,"{1, 2, 3, 5}"
4128,included,"{1, 2, 9}"
4129,workforce,"{4, 7}"
4130,depend,{2}
4131,message,"{8, 2}"
4132,immigrants,"{1, 2, 3, 4, 7, 10}"
4133,argued,"{2, 10, 4}"
4134,commonwealth,{1}
4135,upheaval,{2}
4136,surveys,{1}
4137,tony,{1}
4138,delivers,{7}
4139,many,"{1, 2, 3, 4, 5, 6, 7, 8, 9}"
4140,joined,"{1, 2, 3, 5, 6, 7, 8, 9}"
4141,energy,{2}
4142,web,{3}
4143,houses,{9}
4144,restrictions,"{2, 7}"
4145,son,{3}
4146,waves,{7}
4147,require,{1}
4148,mean,"{2, 3, 4, 5, 6, 7, 9, 10}"
4149,covering,{2}
4150,contact,{2}
4151,falling,{2}
4152,debt,"{9, 6}"
4153,disintegration,{6}
4154,jurisdiction,"{2, 3}"
4155,potentially,"{2, 6}"
4156,thats,{2}
4157,potential,{3}
4158,secretary,"{1, 2, 5, 9, 7}"
4159,package,"{8, 1, 2}"
4160,appeal,"{5, 7}"
4161,foreboding,{7}
4162,referred,"{2, 3, 5}"
4163,river,"{8, 7}"
4164,lemsip,{2}
4165,continent,"{9, 2, 10, 6, 7}"
4166,mollify,{10}
4167,geert,{1}
4168,south,{7}
4169,participated,{8}
4170,hunt,{2}
4171,abour,{7}
4172,silently,"{8, 3}"
4173,loner,{7}
4174,trying,"{3, 6}"
4175,establishing,"{8, 1, 2}"
4176,favouring,{1}
4177,francepresse,{8}
4178,commit,{3}
4179,platform,"{1, 2, 3}"
4180,cunning,{3}
4181,reference,"{3, 5}"
4182,negotiations,"{1, 2, 3, 5, 9, 10}"
4183,scores,{3}
4184,byelections,{1}
4185,65,{1}
4186,attracted,{1}
4187,challenges,"{8, 6}"
4188,foreignborn,{6}
4189,device,{7}
4190,raise,{8}
4191,stefan,{8}
4192,illegal,{3}
4193,paid,"{2, 3}"
4194,divided,"{2, 7}"
4195,flight,{7}
4196,poured,{3}
4197,norways,{7}
4198,feature,{8}
4199,unpicking,{2}
4200,ambitions,{7}
4201,declines,{2}
4202,tank,{2}
4203,barred,{2}
4204,middle,"{3, 7}"
4205,paradox,{7}
4206,incorporated,{1}
4207,soft,{2}
4208,fish,{8}
4209,stanford,{8}
4210,whatever,"{2, 7}"
4211,aggregateiq,{3}
4212,club,"{2, 7}"
4213,massive,"{9, 3}"
4214,democrats,"{1, 2, 7}"
4215,seem,"{8, 2, 7}"
4216,necessarily,"{2, 6}"
4217,irate,{3}
4218,implicit,{3}
4219,speech,"{1, 3, 9, 7}"
4220,1963,{1}
4221,bigger,{6}
4222,endorsing,{3}
4223,somehow,{8}
4224,mentions,{3}
4225,footballs,{7}
4226,swamping,{3}
4227,slammed,{5}
4228,sovereignty,{7}
4229,range,{2}
4230,division,{9}
4231,normal,{3}
4232,succeed,{7}
4233,high,"{2, 3, 4}"
4234,exceptionalist,{7}
4235,campaign,"{1, 2, 3, 5, 7, 8, 9}"
4236,influenced,"{1, 3}"
4237,hassle,{6}
4238,here,{8}
4239,march,"{1, 2, 3, 5, 9}"
4240,retain,{2}
4241,rang,{3}
4242,economic,"{1, 2, 4, 5, 6, 7, 8, 9, 10}"
4243,almost,"{9, 3, 6, 7}"
4244,troubled,{8}
4245,quite,"{2, 3, 6, 7}"
4246,athens,{7}
4247,passes,{9}
4248,existing,"{10, 1, 2, 3}"
4249,accurate,{2}
4250,lightly,{7}
4251,but,"{8, 9}"
4252,signs,{2}
4253,peers,{2}
4254,orders,{2}
4255,fascism,{7}
4256,corporations,{2}
4257,24,"{8, 1, 2, 9}"
4258,often,"{2, 3, 6, 7, 8, 9}"
4259,licences,{2}
4260,1990s,{1}
4261,operation,{3}
4262,passed,"{1, 5}"
4263,younger,{3}
4264,reviewed,{2}
4265,contract,{3}
4266,worry,"{2, 4, 6}"
4267,surprise,{7}
4268,continued,"{1, 2}"
4269,lump,{2}
4270,economies,"{8, 2}"
4271,vehicle,"{2, 7}"
4272,corps,{3}
4273,cummingss,{3}
4274,iq,{3}
4275,conservatism,{7}
4276,banking,{1}
4277,comfortable,{2}
4278,february,"{1, 3, 9}"
4279,fears,{5}
4280,boss,{3}
4281,mid2000s,{6}
4282,time,"{1, 2, 3, 5, 7, 8, 9}"
4283,launched,"{1, 3}"
4284,manifestation,{8}
4285,refer,"{8, 2, 4, 7}"
4286,44,{2}
4287,bound,"{3, 5}"
4288,hosted,{3}
4289,17,{1}
4290,obvious,{7}
4291,pattie,{3}
4292,affect,"{8, 2}"
4293,isnt,{6}
4294,biggest,"{2, 3, 6}"
4295,stuff,"{3, 7}"
4296,jeopardize,{8}
4297,owen,{2}
4298,identifier,{2}
4299,papress,{5}
4300,populism,{7}
4301,decides,"{2, 5}"
4302,strands,{3}
4303,raucous,{7}
4304,didnt,{3}
4305,mechanism,"{1, 2, 3}"
4306,identified,"{3, 6}"
4307,modified,{7}
4308,home,"{2, 3, 5, 6, 7}"
4309,lining,{2}
4310,plaid,{2}
4311,enhancing,{3}
4312,focus,"{2, 3}"
4313,leave,{3}
4314,travel,"{8, 2, 3, 4}"
4315,headlines,{7}
4316,see,"{8, 2, 3, 5, 6}"
4317,transparent,"{3, 5, 7}"
4318,quoted,{3}
4319,civilian,{3}
4320,precrime,{3}
4321,lifting,{7}
4322,analyticas,{3}
4323,bst,{7}
4324,feelings,{8}
4325,distance,{8}
4326,diminished,{2}
4327,bright,{7}
4328,organized,{8}
4329,scary,{7}
4330,defected,{9}
4331,andrea,{9}
4332,ensure,"{1, 2, 5}"
4333,family,"{2, 7}"
4334,balancing,{2}
4335,largest,"{1, 2}"
4336,problem,"{2, 3}"
4337,ministers,{7}
4338,nearly,"{8, 2, 10, 4}"
4339,soldiers,{7}
4340,googles,{3}
4341,weirdest,{3}
4342,democrat,{3}
4343,carswell,{2}
4344,top,"{2, 6}"
4345,widnes,{2}
4346,10,"{2, 3, 7, 8, 9, 10}"
4347,jonathan,"{2, 3}"
4348,poses,{2}
4349,wallis,{2}
4350,killing,{8}
4351,obscure,{3}
4352,inout,{1}
4353,unanimous,{2}
4354,right,"{2, 3, 5, 6, 7, 8, 9, 10}"
4355,export,"{8, 2}"
4356,doms,{3}
4357,patient,{2}
4358,arising,{7}
4359,buoyed,{9}
4360,505,{1}
4361,locals,{2}
4362,heart,"{2, 3}"
4363,cooperate,{7}
4364,tape,"{1, 2}"
4365,involve,"{2, 3}"
4366,apparent,{7}
4367,formal,"{1, 2, 3, 5, 9}"
4368,happen,"{8, 2, 6, 7}"
4369,prosecutor,{3}
4370,limitations,{2}
4371,republic,{2}
4372,1993,"{1, 6, 9}"
4373,foundations,{3}
4374,linking,{3}
4375,come,"{8, 1, 2, 3, 5}"
4376,great,"{8, 1, 2, 3, 4}"
4377,unlikely,{2}
4378,hand,"{2, 3}"
4379,tory,"{9, 2, 3, 5, 7}"
4380,housing,{2}
4381,also,"{1, 2, 3, 4, 5, 6, 7, 8, 9, 10}"
4382,marked,{4}
4383,one,{8}
4384,theres,{8}
4385,buying,"{2, 3}"
4386,drawn,{8}
4387,reverse,{7}
4388,rankled,{8}
4389,conservative,"{1, 2, 3, 4, 5, 7, 10}"
4390,elephant,{3}
4391,alongside,{2}
4392,join,"{8, 1, 2, 7}"
4393,1997,{1}
4394,produced,{2}
4395,fight,{6}
4396,126,{1}
4397,take,{8}
4398,pay,"{2, 6}"
4399,addition,{4}
4400,charged,{2}
4401,leetimvoxcom,{10}
4402,militaryindustrial,{3}
4403,partisan,{7}
4404,braggart,{7}
4405,wealthy,"{2, 6, 7}"
4406,bake,{3}
4407,undermine,"{8, 2}"
4408,arrangements,"{1, 2, 5}"
4409,consumer,"{2, 3}"
4410,scotlands,{2}
4411,renamed,{3}
4412,strengthen,"{9, 2}"
4413,manipulation,{3}
4414,interned,{3}
4415,belonged,{3}
4416,none,{3}
4417,cited,"{8, 4}"
4418,valley,{3}
4419,organisation,"{1, 2, 5}"
4420,make,"{1, 2, 3, 4, 5, 6, 7, 8, 10}"
4421,wishes,{2}
4422,lichtenstein,{2}
4423,curb,{2}
4424,afraid,{2}
4425,post2008,{10}
4426,militarystyle,{3}
4427,cuts,{2}
4428,researched,{3}
4429,peoples,{3}
4430,ongoing,{1}
4431,influx,"{8, 4}"
4432,dont,{2}
4433,expanded,{6}
4434,judicial,{5}
4435,asserted,{1}
4436,internal,"{8, 1, 2, 3}"
4437,dispiriting,{7}
4438,compete,{7}
4439,food,"{2, 6}"
4440,escaping,{7}
4441,amid,"{1, 7}"
4442,old,"{2, 3, 7}"
4443,sophie,"{2, 3}"
4444,management,{7}
4445,rarely,{7}
4446,theresa,"{1, 2, 3, 5, 8, 9}"
4447,spencer,{2}
4448,sites,{3}
4449,advantage,{6}
4450,david,"{1, 2, 3, 4, 5, 6, 7, 8, 9, 10}"
4451,systems,{3}
4452,155100,{2}
4453,neutral,{2}
4454,use,"{2, 3, 4, 7}"
4455,know,"{9, 2, 3, 5, 6}"
4456,achievement,{2}
4457,golden,{7}
4458,york,{3}
4459,1969,{1}
4460,supporting,"{1, 10}"
4461,bluewater,{7}
4462,specifically,"{9, 2, 3}"
4463,since,"{1, 2, 3, 5, 7, 9, 10}"
4464,tumble,{3}
4465,he,{3}
4466,throughout,"{8, 5, 6}"
4467,criminal,{3}
4468,debate,"{1, 2, 3, 5, 7, 8}"
4469,race,{6}
4470,conference,"{1, 9}"
4471,sixteen,{2}
4472,1100,{7}
4473,motion,{5}
4474,yes,"{1, 2}"
4475,ted,{3}
4476,devised,{7}
4477,environmental,"{2, 4}"
4478,sway,{3}
4479,ugly,{6}
4480,tournament,{7}
4481,paragraph,"{1, 5}"
4482,1,"{8, 1, 3, 5, 7}"
4483,protections,{2}
4484,indication,{9}
4485,murder,{7}
4486,heated,{8}
4487,disprove,{3}
4488,intent,{3}
4489,intertwined,{10}
4490,hostile,{3}
4491,warn,{3}
4492,definitively,{2}
4493,exploited,{3}
4494,scrap,{2}
4495,sweeping,{2}
4496,france,"{1, 2, 6, 7}"
4497,implemented,{2}
4498,copyrightpa,{2}
4499,gradually,{2}
4500,geoffrey,{3}
4501,enforce,{1}
4502,russia,"{2, 3}"
4503,comes,"{2, 3, 5}"
4504,tweet,"{8, 9, 10}"
4505,reproachful,{7}
4506,hugely,"{2, 3}"
4507,264000,{2}
4508,saving,{2}
4509,loss,{8}
4510,meps,{2}
4511,outside,"{8, 1, 2, 3, 9}"
4512,states,{5}
4513,politics,"{8, 2, 3, 6, 7}"
4514,oppose,{1}
4515,mentioning,{2}
4516,1000,{2}
4517,cadwalladr,{3}
4518,online,{3}
4519,barely,"{8, 6}"
4520,thatchers,{1}
4521,visitors,{7}
4522,thiel,{3}
4523,term,"{1, 2, 4, 5, 8, 9}"
4524,adopting,{2}
4525,renegotiate,{1}
4526,german,"{2, 7}"
4527,easily,{3}
4528,antigua,{3}
4529,deplore,{7}
4530,felt,"{9, 6, 7}"
4531,independence,"{1, 2, 4, 7, 8, 9, 10}"
4532,date,"{1, 2, 3, 5, 7}"
4533,reported,{3}
4534,remove,"{2, 3}"
4535,elsewhere,{2}
4536,highestever,{1}
4537,declared,"{1, 3, 5}"
4538,gareth,{8}
4539,talks,"{2, 5}"
4540,attention,{8}
4541,gettleson,{3}
4542,social,"{8, 1, 2, 3, 7}"
4543,cambridge,{3}
4544,672,{1}
4545,looked,{2}
4546,scl,{3}
4547,gavin,{3}
4548,anxiety,{8}
4549,flynn,{3}
4550,triple,{2}
4551,shouted,{8}
4552,eurosceptic,"{1, 7}"
4553,discussed,"{1, 2, 3}"
4554,partly,"{8, 1}"
4555,short,"{8, 2, 10}"
4556,mr,"{8, 2, 5}"
4557,unsettling,{3}
4558,rivers,{7}
4559,enjoy,{2}
4560,settle,{4}
4561,models,{3}
4562,spokesman,{2}
4563,fermanagh,{2}
4564,governor,{3}
4565,carrying,{2}
4566,fullhearted,{1}
4567,emotional,{3}
4568,gained,{2}
4569,aggregate,{3}
4570,witnesses,{3}
4571,rulings,"{1, 2}"
4572,adams,{2}
4573,st,{7}
4574,2014,"{1, 2, 3, 7, 8, 10}"
4575,sexuality,{3}
4576,costly,{2}
4577,achieved,"{1, 3}"
4578,applied,"{1, 2}"
4579,connectivity,{3}
4580,12,"{9, 10, 6, 7}"
4581,discontent,"{6, 7}"
4582,think,"{1, 2, 3, 5, 9}"
4583,thing,"{2, 3, 5}"
4584,arm,{3}
4585,angry,{7}
4586,07,{9}
4587,certainly,"{2, 7}"
4588,truly,{2}
4589,degerland,{2}
4590,attacks,{7}
4591,panic,{7}
4592,parliamentary,"{1, 3, 5}"
4593,shocking,{4}
4594,strathclyde,{1}
4595,phone,"{2, 3}"
4596,mistake,{10}
4597,feins,{2}
4598,trumps,{5}
4599,hard,{5}
4600,tesco,{2}
4601,nearidentical,{7}
4602,costing,{10}
4603,wasnt,{3}
4604,corp,{3}
4605,questions,"{8, 2, 3, 7}"
4606,advice,{2}
4607,werent,{2}
4608,fundamentalism,{7}
4609,gave,"{2, 3}"
4610,witnessing,{3}
4611,558,{2}
4612,raises,{3}
4613,unpopular,"{8, 7}"
4614,openborders,"{8, 10}"
4615,precise,{8}
4616,migration,"{8, 2, 10, 6, 7}"
4617,ukll,{2}
4618,healthcare,"{2, 7}"
4619,gibraltar,{2}
4620,border,"{2, 4}"
4621,stateprovided,{2}
4622,murdochs,{3}
4623,epa,{5}
4624,snap,{2}
4625,watters,{4}
4626,twenty,{6}
4627,awareness,{2}
4628,conservatives,"{1, 2, 9}"
4629,engaged,{9}
4630,separation,{5}
4631,un,{2}
4632,enact,{2}
4633,in,{3}
4634,analysts,{8}
4635,peter,"{2, 3}"
4636,directed,"{8, 3}"
4637,control,"{2, 3, 4, 5}"
4638,investigation,{3}
4639,heavily,{1}
4640,productivity,{8}
4641,magazine,{3}
4642,politician,"{9, 2, 7}"
4643,trove,{3}
4644,warned,"{2, 7}"
4645,designed,"{3, 7}"
4646,heavy,{7}
4647,wait,{2}
4648,pounds,{2}
4649,rival,"{9, 2, 7}"
4650,cruz,{3}
4651,lived,{2}
4652,dysfunctional,{8}
4653,excess,{1}
4654,retirement,{2}
4655,harding,{2}
4656,withdrawal,"{1, 2, 10, 5, 9}"
4657,current,"{2, 3, 7}"
4658,started,"{9, 2, 6}"
4659,counted,{9}
4660,strain,{8}
4661,europe,"{1, 2, 6, 7, 8, 9, 10}"
4662,prevented,{2}
4663,born,{2}
4664,kingdom,"{1, 6, 7, 8, 9, 10}"
4665,crunching,{2}
4666,realising,{3}
4667,insouciant,{7}
4668,you,{3}
4669,assume,"{2, 6}"
4670,understand,"{3, 6}"
4671,opening,{3}
4672,rukled,{5}
4673,welfare,"{2, 7}"
4674,revoked,{1}
